date,score
2021-11-25,2
2021-11-26,0
2021-11-27,0
2021-11-28,23
2021-11-29,0
2021-11-30,0
2021-12-01,0
2021-12-02,0
2021-12-03,0
2021-12-04,0
2021-12-05,0
2021-12-06,0
2021-12-07,0
2021-12-08,5
2021-12-09,0
2021-12-10,0
2021-12-11,0
2021-12-12,0
2021-12-13,0
2021-12-14,0
2021-12-15,0
2021-12-16,4
2021-12-17,0
2021-12-18,0
2021-12-19,0
2021-12-20,0
2021-12-21,0
2021-12-22,0
2021-12-23,0
2021-12-24,0
2021-12-25,0
2021-12-26,0
2021-12-27,0
2021-12-28,0
2021-12-29,3
2021-12-30,0
2021-12-31,0
2022-01-01,0
2022-01-02,0
2022-01-03,0
2022-01-04,0
2022-01-05,0
2022-01-06,0
2022-01-07,2
2022-01-08,0
2022-01-09,0
2022-01-10,0
2022-01-11,0
2022-01-12,0
2022-01-13,0
2022-01-14,0
2022-01-15,0
2022-01-16,0
2022-01-17,0
2022-01-18,0
2022-01-19,0
2022-01-20,0
2022-01-21,4
2022-01-22,10
2022-01-23,2
2022-01-24,0
2022-01-25,0
2022-01-26,0
2022-01-27,0
2022-01-28,13
2022-01-29,0
2022-01-30,0
2022-01-31,0
2022-02-01,0
2022-02-02,0
2022-02-03,0
2022-02-04,0
2022-02-05,0
2022-02-06,0
2022-02-07,5
2022-02-08,0
2022-02-09,0
2022-02-10,0
2022-02-11,0
2022-02-12,0
2022-02-13,0
2022-02-14,2
2022-02-15,0
2022-02-16,0
2022-02-17,0
2022-02-18,0
2022-02-19,0
2022-02-20,0
2022-02-21,0
2022-02-22,18
2022-02-23,0
2022-02-24,0
2022-02-25,0
2022-02-26,0
2022-02-27,0
2022-02-28,11
2022-03-01,5
2022-03-02,5
2022-03-03,0
2022-03-04,1
2022-03-05,11
2022-03-06,0
2022-03-07,17
2022-03-08,33
2022-03-09,12
2022-03-10,18
2022-03-11,18
2022-03-12,0
2022-03-13,0
2022-03-14,0
2022-03-15,0
2022-03-16,0
2022-03-17,4
2022-03-18,26
2022-03-19,2
2022-03-20,0
2022-03-21,0
2022-03-22,0
2022-03-23,0
2022-03-24,33
2022-03-25,6
2022-03-26,0
2022-03-27,4
2022-03-28,21
2022-03-29,19
2022-03-30,15
2022-03-31,0
2022-04-01,0
2022-04-02,12
2022-04-03,0
2022-04-04,0
2022-04-05,0
2022-04-06,0
2022-04-07,0
2022-04-08,0
2022-04-09,3
2022-04-10,15
2022-04-11,2
2022-04-12,0
2022-04-13,0
2022-04-14,0
2022-04-15,4
2022-04-16,8
2022-04-17,0
2022-04-18,5
2022-04-19,2
2022-04-20,0
2022-04-21,1
2022-04-22,0
2022-04-23,0
2022-04-24,3
2022-04-25,0
2022-04-26,0
2022-04-27,0
2022-04-28,0
2022-04-29,0
2022-04-30,12
2022-05-01,13
2022-05-02,4
2022-05-03,3
2022-05-04,11
2022-05-05,0
2022-05-06,0
2022-05-07,0
2022-05-08,0
2022-05-09,5
2022-05-10,14
2022-05-11,59
2022-05-12,52
2022-05-13,44
2022-05-14,13
2022-05-15,25
2022-05-16,27
2022-05-17,8
2022-05-18,0
2022-05-19,2
2022-05-20,23
2022-05-21,4
2022-05-22,30
2022-05-23,14
2022-05-24,28
2022-05-25,9
2022-05-26,13
2022-05-27,0
2022-05-28,4
2022-05-29,0
2022-05-30,0
2022-05-31,10
2022-06-01,0
2022-06-02,0
2022-06-03,3
2022-06-04,15
2022-06-05,10
2022-06-06,8
2022-06-07,17
2022-06-08,47
2022-06-09,33
2022-06-10,45
2022-06-11,19
2022-06-12,21
2022-06-13,48
2022-06-14,22
2022-06-15,50
2022-06-16,19
2022-06-17,35
2022-06-18,19
2022-06-19,11
2022-06-20,14
2022-06-21,23
2022-06-22,27
2022-06-23,10
2022-06-24,32
2022-06-25,13
2022-06-26,4
2022-06-27,0
2022-06-28,14
2022-06-29,9
2022-06-30,0
2022-07-01,17
2022-07-02,25
2022-07-03,5
2022-07-04,0
2022-07-05,3
2022-07-06,3
2022-07-07,10
2022-07-08,41
2022-07-09,8
2022-07-10,33
2022-07-11,11
2022-07-12,14
2022-07-13,0
2022-07-14,0
2022-07-15,0
2022-07-16,0
2022-07-17,0
2022-07-18,33
2022-07-19,23
2022-07-20,17
2022-07-21,23
2022-07-22,11
2022-07-23,15
2022-07-24,48
2022-07-25,31
2022-07-26,0
2022-07-27,4
2022-07-28,12
2022-07-29,9
2022-07-30,0
2022-07-31,2
2022-08-01,0
2022-08-02,0
2022-08-03,0
2022-08-04,0
2022-08-05,0
2022-08-06,12
2022-08-07,0
2022-08-08,0
2022-08-09,20
2022-08-10,0
2022-08-11,10
2022-08-12,0
2022-08-13,0
2022-08-14,0
2022-08-15,0
2022-08-16,0
2022-08-17,14
2022-08-18,4
2022-08-19,0
2022-08-20,0
2022-08-21,0
2022-08-22,0
2022-08-23,0
2022-08-24,12
2022-08-25,4
2022-08-26,0
2022-08-27,0
2022-08-28,9
2022-08-29,27
2022-08-30,5
2022-08-31,0
2022-09-01,0
2022-09-02,0
2022-09-03,0
2022-09-04,0
2022-09-05,0
2022-09-06,0
2022-09-07,7
2022-09-08,16
2022-09-09,28
2022-09-10,33
2022-09-11,0
2022-09-12,11
2022-09-13,0
2022-09-14,0
2022-09-15,4
2022-09-16,0
2022-09-17,5
2022-09-18,9
2022-09-19,28
2022-09-20,0
2022-09-21,29
2022-09-22,0
2022-09-23,12
2022-09-24,18
2022-09-25,0
2022-09-26,0
2022-09-27,11
2022-09-28,18
2022-09-29,2
2022-09-30,22
2022-10-01,4
2022-10-02,0
2022-10-03,4
2022-10-04,0
2022-10-05,0
2022-10-06,5
2022-10-07,21
2022-10-08,3
2022-10-09,4
2022-10-10,3
2022-10-11,6
2022-10-12,13
2022-10-13,14
2022-10-14,0
2022-10-15,0
2022-10-16,0
2022-10-17,3
2022-10-18,30
2022-10-19,5
2022-10-20,17
2022-10-21,0
2022-10-22,0
2022-10-23,0
2022-10-24,11
2022-10-25,13
2022-10-26,20
2022-10-27,0
2022-10-28,0
2022-10-29,0
2022-10-30,19
2022-10-31,18
2022-11-01,3
2022-11-02,6
2022-11-03,12
2022-11-04,24
2022-11-05,32
2022-11-06,19
2022-11-07,11
2022-11-08,24
2022-11-09,47
2022-11-10,27
2022-11-11,6
2022-11-12,6
2022-11-13,32
2022-11-14,30
2022-11-15,21
2022-11-16,19
2022-11-17,0
2022-11-18,0
2022-11-19,53
2022-11-20,7
2022-11-21,25
2022-11-22,26
2022-11-23,21
2022-11-24,17
2022-11-25,26
2022-11-26,39
2022-11-27,0
2022-11-28,0
2022-11-29,0
2022-11-30,5
2022-12-01,17
2022-12-02,11
2022-12-03,11
2022-12-04,9
2022-12-05,8
2022-12-06,16
2022-12-07,0
2022-12-08,19
2022-12-09,23
2022-12-10,5
2022-12-11,4
2022-12-12,4
2022-12-13,7
2022-12-14,12
2022-12-15,0
2022-12-16,9
2022-12-17,0
2022-12-18,0
2022-12-19,16
2022-12-20,21
2022-12-21,7
2022-12-22,0
2022-12-23,9
2022-12-24,25
2022-12-25,24
2022-12-26,18
2022-12-27,26
2022-12-28,12
2022-12-29,20
2022-12-30,41
2022-12-31,31
2023-01-01,14
2023-01-02,5
2023-01-03,8
2023-01-04,1
2023-01-05,6
2023-01-06,20
2023-01-07,1
2023-01-08,8
2023-01-09,6
2023-01-10,7
2023-01-11,23
2023-01-12,15
2023-01-13,25
2023-01-14,7
2023-01-15,28
2023-01-16,17
2023-01-17,13
2023-01-18,3
2023-01-19,2
2023-01-20,10
2023-01-21,10
2023-01-22,0
2023-01-23,10
2023-01-24,4
2023-01-25,0
2023-01-26,6
2023-01-27,8
2023-01-28,2
2023-01-29,12
2023-01-30,14
2023-01-31,0
2023-02-01,4
2023-02-02,19
2023-02-03,0
2023-02-04,0
2023-02-05,17
2023-02-06,2
2023-02-07,0
2023-02-08,7
2023-02-09,7
2023-02-10,25
2023-02-11,34
2023-02-12,0
2023-02-13,0
2023-02-14,26
2023-02-15,32
2023-02-16,0
2023-02-17,0
2023-02-18,13
2023-02-19,14
2023-02-20,0
2023-02-21,0
2023-02-22,0
2023-02-23,8
2023-02-24,0
2023-02-25,0
2023-02-26,0
2023-02-27,7
2023-02-28,0
2023-03-01,4
2023-03-02,12
2023-03-03,12
2023-03-04,25
2023-03-05,3
2023-03-06,0
2023-03-07,0
2023-03-08,0
2023-03-09,0
2023-03-10,0
2023-03-11,0
2023-03-12,0
2023-03-13,0
2023-03-14,0
2023-03-15,11
2023-03-16,0
2023-03-17,0
2023-03-18,0
2023-03-19,0
2023-03-20,0
2023-03-21,12
2023-03-22,17
2023-03-23,19
2023-03-24,32
2023-03-25,7
2023-03-26,0
2023-03-27,23
2023-03-28,24
2023-03-29,8
2023-03-30,0
2023-03-31,0
2023-04-01,0
2023-04-02,13
2023-04-03,18
2023-04-04,13
2023-04-05,2
2023-04-06,0
2023-04-07,1
2023-04-08,0
2023-04-09,0
2023-04-10,0
2023-04-11,0
2023-04-12,0
2023-04-13,0
2023-04-14,0
2023-04-15,7
2023-04-16,6
2023-04-17,3
2023-04-18,0
2023-04-19,0
2023-04-20,0
2023-04-21,0
2023-04-22,0
2023-04-23,0
2023-04-24,0
2023-04-25,0
2023-04-26,6
2023-04-27,0
2023-04-28,0
2023-04-29,0
2023-04-30,5
2023-05-01,0
2023-05-02,0
2023-05-03,0
2023-05-04,0
2023-05-05,0
2023-05-06,0
2023-05-07,0
2023-05-08,0
2023-05-09,0
2023-05-10,0
2023-05-11,0
2023-05-12,0
2023-05-13,0
2023-05-14,0
2023-05-15,0
2023-05-16,16
2023-05-17,0
2023-05-18,0
2023-05-19,0
2023-05-20,0
2023-05-21,21
2023-05-22,0
2023-05-23,0
2023-05-24,0
2023-05-25,0
2023-05-26,0
2023-05-27,0
2023-05-28,3
2023-05-29,0
2023-05-30,0
2023-05-31,0
2023-06-01,0
2023-06-02,0
2023-06-03,34
2023-06-04,0
2023-06-05,0
2023-06-06,0
2023-06-07,0
2023-06-08,0
2023-06-09,0
2023-06-10,0
2023-06-11,0
2023-06-12,13
2023-06-13,22
2023-06-14,3
2023-06-15,0
2023-06-16,0
2023-06-17,0
2023-06-18,0
2023-06-19,0
2023-06-20,0
2023-06-21,0
2023-06-22,0
2023-06-23,0
2023-06-24,0
2023-06-25,0
2023-06-26,0
2023-06-27,0
2023-06-28,0
2023-06-29,0
2023-06-30,0
2023-07-01,0
2023-07-02,0
2023-07-03,0
2023-07-04,0
2023-07-05,0
2023-07-06,1
2023-07-07,0
2023-07-08,14
2023-07-09,4
2023-07-10,0
2023-07-11,0
2023-07-12,15
2023-07-13,0
2023-07-14,0
2023-07-15,0
2023-07-16,1
2023-07-17,0
2023-07-18,1
2023-07-19,22
2023-07-20,0
2023-07-21,0
2023-07-22,1
2023-07-23,0
2023-07-24,0
2023-07-25,14
2023-07-26,16
2023-07-27,13
2023-07-28,13
2023-07-29,30
2023-07-30,0
2023-07-31,0
2023-08-01,0
2023-08-02,0
2023-08-03,0
2023-08-04,0
2023-08-05,9
2023-08-06,5
2023-08-07,5
2023-08-08,0
2023-08-09,10
2023-08-10,0
2023-08-11,0
2023-08-12,0
2023-08-13,0
2023-08-14,0
2023-08-15,11
2023-08-16,0
2023-08-17,3
2023-08-18,0
2023-08-19,0
2023-08-20,0
2023-08-21,8
2023-08-22,0
2023-08-23,7
2023-08-24,45
2023-08-25,0
2023-08-26,1
2023-08-27,0
2023-08-28,0
2023-08-29,0
2023-08-30,6
2023-08-31,21
2023-09-01,31
2023-09-02,38
2023-09-03,2
2023-09-04,16
2023-09-05,0
2023-09-06,0
2023-09-07,0
2023-09-08,0
2023-09-09,12
2023-09-10,16
2023-09-11,0
2023-09-12,19
2023-09-13,0
2023-09-14,0
2023-09-15,10
2023-09-16,11
2023-09-17,18
2023-09-18,0
2023-09-19,0
2023-09-20,0
2023-09-21,3
2023-09-22,32
2023-09-23,23
2023-09-24,23
2023-09-25,18
2023-09-26,22
2023-09-27,0
2023-09-28,8
2023-09-29,0
2023-09-30,5
2023-10-01,0
2023-10-02,24
2023-10-03,13
2023-10-04,18
2023-10-05,0
2023-10-06,0
2023-10-07,2
2023-10-08,0
2023-10-09,0
2023-10-10,30
2023-10-11,10
2023-10-12,21
2023-10-13,8
2023-10-14,1
2023-10-15,0
2023-10-16,6
2023-10-17,26
2023-10-18,47
2023-10-19,10
2023-10-20,0
2023-10-21,11
2023-10-22,25
2023-10-23,17
2023-10-24,12
2023-10-25,13
2023-10-26,35
2023-10-27,23
2023-10-28,33
2023-10-29,40
2023-10-30,0
2023-10-31,0
2023-11-01,0
2023-11-02,20
2023-11-03,16
2023-11-04,43
2023-11-05,24
2023-11-06,49
2023-11-07,37
2023-11-08,20
2023-11-09,30
2023-11-10,1
2023-11-11,0
2023-11-12,0
2023-11-13,0
2023-11-14,0
2023-11-15,19
2023-11-16,20
2023-11-17,15
2023-11-18,9
2023-11-19,24
2023-11-20,20
2023-11-21,19
2023-11-22,24
2023-11-23,39
2023-11-24,12
2023-11-25,23
2023-11-26,24
2023-11-27,28
2023-11-28,20
2023-11-29,13
2023-11-30,28
2023-12-01,30
2023-12-02,35
2023-12-03,0
2023-12-04,0
2023-12-05,0
2023-12-06,0
2023-12-07,0
2023-12-08,35
2023-12-09,26
2023-12-10,2
2023-12-11,10
2023-12-12,1
2023-12-13,12
2023-12-14,12
2023-12-15,8
2023-12-16,33
2023-12-17,23
2023-12-18,17
2023-12-19,20
2023-12-20,1
2023-12-21,10
2023-12-22,19
2023-12-23,0
2023-12-24,6
2023-12-25,0
2023-12-26,24
2023-12-27,0
2023-12-28,0
2023-12-29,23
2023-12-30,23
2023-12-31,13
2024-01-01,12
2024-01-02,1
2024-01-03,6
2024-01-04,3
2024-01-05,0
2024-01-06,3
2024-01-07,12
2024-01-08,8
2024-01-09,27
2024-01-10,16
2024-01-11,1
2024-01-12,4
2024-01-13,7
2024-01-14,0
2024-01-15,0
2024-01-16,0
2024-01-17,1
2024-01-18,15
2024-01-19,9
2024-01-20,0
2024-01-21,6
2024-01-22,3
2024-01-23,0
2024-01-24,0
2024-01-25,26
2024-01-26,0
2024-01-27,15
2024-01-28,2
2024-01-29,14
2024-01-30,17
2024-01-31,5
2024-02-01,0
2024-02-02,11
2024-02-03,11
2024-02-04,11
2024-02-05,12
2024-02-06,25
2024-02-07,1
2024-02-08,3
2024-02-09,11
2024-02-10,4
2024-02-11,5
2024-02-12,6
2024-02-13,14
2024-02-14,11
2024-02-15,0
2024-02-16,0
2024-02-17,31
2024-02-18,19
2024-02-19,22
2024-02-20,23
2024-02-21,15
2024-02-22,29
2024-02-23,21
2024-02-24,6
2024-02-25,23
2024-02-26,5
2024-02-27,19
2024-02-28,6
2024-02-29,9
2024-03-01,7
2024-03-02,17
2024-03-03,0
2024-03-04,0
2024-03-05,12
2024-03-06,30
2024-03-07,6
2024-03-08,0
2024-03-09,22
2024-03-10,13
2024-03-11,0
2024-03-12,0
2024-03-13,5
2024-03-14,26
2024-03-15,0
2024-03-16,0
2024-03-17,0
2024-03-18,0
2024-03-19,0
2024-03-20,0
2024-03-21,0
2024-03-22,0
2024-03-23,0
2024-03-24,0
2024-03-25,0
2024-03-26,4
2024-03-27,0
2024-03-28,0
2024-03-29,0
2024-03-30,0
2024-03-31,0
2024-04-01,0
2024-04-02,6
2024-04-03,4
2024-04-04,17
2024-04-05,14
2024-04-06,0
2024-04-07,7
2024-04-08,0
2024-04-09,0
2024-04-10,0
2024-04-11,0
2024-04-12,20
2024-04-13,0
2024-04-14,0
2024-04-15,2
2024-04-16,13
2024-04-17,21
2024-04-18,12
2024-04-19,26
2024-04-20,0
2024-04-21,0
2024-04-22,1
2024-04-23,0
2024-04-24,3
2024-04-25,22
2024-04-26,1
2024-04-27,0
2024-04-28,23
2024-04-29,10
2024-04-30,0
2024-05-01,7
2024-05-02,17
2024-05-03,7
2024-05-04,0
2024-05-05,0
2024-05-06,0
2024-05-07,0
2024-05-08,8
2024-05-09,0
2024-05-10,2
2024-05-11,1
2024-05-12,0
2024-05-13,0
2024-05-14,0
2024-05-15,0
2024-05-16,0
2024-05-17,0
2024-05-18,21
2024-05-19,0
2024-05-20,14
2024-05-21,0
2024-05-22,0
2024-05-23,0
2024-05-24,0
2024-05-25,1
2024-05-26,0
2024-05-27,0
2024-05-28,0
2024-05-29,0
2024-05-30,12
2024-05-31,0
2024-06-01,12
2024-06-02,0
2024-06-03,0
2024-06-04,0
2024-06-05,0
2024-06-06,2
2024-06-07,10
2024-06-08,12
2024-06-09,18
2024-06-10,0
2024-06-11,6
2024-06-12,7
2024-06-13,0
2024-06-14,0
2024-06-15,0
2024-06-16,0
2024-06-17,0
2024-06-18,2
2024-06-19,0
2024-06-20,7
2024-06-21,4
2024-06-22,0
2024-06-23,0
2024-06-24,0
2024-06-25,0
2024-06-26,0
2024-06-27,0
2024-06-28,0
2024-06-29,20
2024-06-30,7
2024-07-01,14
2024-07-02,19
2024-07-03,0
2024-07-04,0
2024-07-05,0
2024-07-06,0
2024-07-07,0
2024-07-08,0
2024-07-09,0
2024-07-10,0
2024-07-11,0
2024-07-12,0
2024-07-13,0
2024-07-14,0
2024-07-15,0
2024-07-16,0
2024-07-17,0
2024-07-18,25
2024-07-19,3
2024-07-20,0
2024-07-21,0
2024-07-22,8
2024-07-23,5
2024-07-24,12
2024-07-25,0
2024-07-26,1
2024-07-27,0
2024-07-28,0
2024-07-29,0
2024-07-30,0
2024-07-31,0
2024-08-01,0
2024-08-02,6
2024-08-03,0
2024-08-04,0
2024-08-05,0
2024-08-06,11
2024-08-07,27
2024-08-08,0
2024-08-09,0
2024-08-10,0
2024-08-11,0
2024-08-12,0
2024-08-13,12
2024-08-14,18
2024-08-15,38
2024-08-16,15
2024-08-17,15
2024-08-18,22
2024-08-19,13
2024-08-20,16
2024-08-21,7
2024-08-22,0
2024-08-23,0
2024-08-24,0
2024-08-25,0
2024-08-26,0
2024-08-27,0
2024-08-28,8
2024-08-29,0
2024-08-30,0
2024-08-31,0
2024-09-01,0
2024-09-02,0
2024-09-03,0
2024-09-04,0
2024-09-05,0
2024-09-06,0
2024-09-07,6
2024-09-08,15
2024-09-09,0
2024-09-10,0
2024-09-11,0
2024-09-12,0
2024-09-13,0
2024-09-14,0
2024-09-15,17
2024-09-16,0
2024-09-17,0
2024-09-18,0
2024-09-19,0
2024-09-20,0
2024-09-21,0
2024-09-22,0
2024-09-23,7
2024-09-24,0
2024-09-25,17
2024-09-26,0
2024-09-27,0
2024-09-28,0
2024-09-29,0
2024-09-30,21
2024-10-01,4
2024-10-02,0
2024-10-03,0
2024-10-04,0
2024-10-05,11
2024-10-06,29
2024-10-07,0
2024-10-08,0
2024-10-09,3
2024-10-10,5
2024-10-11,8
2024-10-12,1
2024-10-13,21
2024-10-14,4
2024-10-15,6
2024-10-16,5
2024-10-17,0
2024-10-18,4
2024-10-19,0
2024-10-20,0
2024-10-21,1
2024-10-22,12
2024-10-23,11
2024-10-24,25
2024-10-25,0
2024-10-26,0
2024-10-27,0
2024-10-28,8
2024-10-29,7
2024-10-30,6
2024-10-31,32
2024-11-01,0
2024-11-02,4
2024-11-03,0
2024-11-04,0
2024-11-05,13
2024-11-06,0
2024-11-07,0
2024-11-08,16
2024-11-09,12
2024-11-10,1
2024-11-11,0
2024-11-12,0
2024-11-13,20
2024-11-14,6
2024-11-15,17
2024-11-16,25
2024-11-17,13
2024-11-18,0
2024-11-19,19
2024-11-20,19
2024-11-21,28
2024-11-22,3
2024-11-23,14
2024-11-24,27
2024-11-25,16
2024-11-26,22
2024-11-27,27
2024-11-28,17
2024-11-29,11
2024-11-30,19
2024-12-01,18
2024-12-02,9
2024-12-03,32
2024-12-04,16
2024-12-05,28
2024-12-06,30
2024-12-07,25
2024-12-08,35
2024-12-09,21
2024-12-10,22
2024-12-11,16
2024-12-12,2
2024-12-13,26
2024-12-14,28
2024-12-15,14
2024-12-16,12
2024-12-17,18
2024-12-18,45
2024-12-19,22
2024-12-20,11
2024-12-21,22
2024-12-22,18
2024-12-23,27
2024-12-24,26
2024-12-25,16
2024-12-26,27
2024-12-27,22
2024-12-28,9
2024-12-29,22
2024-12-30,26
2024-12-31,21
2025-01-01,8
2025-01-02,34
2025-01-03,13
2025-01-04,9
2025-01-05,22
2025-01-06,25
2025-01-07,18
2025-01-08,19
2025-01-09,17
2025-01-10,15
2025-01-11,10
2025-01-12,0
2025-01-13,19
2025-01-14,18
2025-01-15,20
2025-01-16,12
2025-01-17,9
2025-01-18,11
2025-01-19,15
2025-01-20,11
2025-01-21,10
2025-01-22,20
2025-01-23,15
2025-01-24,12
2025-01-25,1
2025-01-26,2
2025-01-27,10
2025-01-28,20
2025-01-29,1
2025-01-30,1
2025-01-31,9
2025-02-01,18
2025-02-02,18
2025-02-03,6
2025-02-04,2
2025-02-05,11
2025-02-06,4
2025-02-07,22
2025-02-08,13
2025-02-09,1
2025-02-10,10
2025-02-11,0
2025-02-12,0
2025-02-13,0
2025-02-14,3
2025-02-15,9
2025-02-16,16
2025-02-17,12
2025-02-18,19
2025-02-19,2
2025-02-20,8
2025-02-21,7
2025-02-22,0
2025-02-23,18
2025-02-24,21
2025-02-25,18
2025-02-26,29
2025-02-27,12
2025-02-28,16
2025-03-01,14
2025-03-02,15
2025-03-03,7
2025-03-04,2
2025-03-05,0
2025-03-06,0
2025-03-07,0
2025-03-08,3
2025-03-09,15
2025-03-10,1
2025-03-11,22
2025-03-12,6
2025-03-13,0
2025-03-14,8
2025-03-15,0
2025-03-16,0
2025-03-17,0
2025-03-18,0
2025-03-19,2
2025-03-20,0
2025-03-21,0
2025-03-22,19
2025-03-23,0
2025-03-24,5
2025-03-25,17
2025-03-26,23
2025-03-27,8
2025-03-28,0
2025-03-29,0
2025-03-30,0
2025-03-31,0
2025-04-01,0
2025-04-02,0
2025-04-03,7
2025-04-04,0
2025-04-05,0
2025-04-06,0
2025-04-07,0
2025-04-08,0
2025-04-09,0
2025-04-10,0
2025-04-11,0
2025-04-12,0
2025-04-13,0
2025-04-14,0
2025-04-15,24
2025-04-16,0
2025-04-17,20
2025-04-18,37
2025-04-19,20
2025-04-20,0
2025-04-21,0
2025-04-22,0
2025-04-23,0
2025-04-24,0
2025-04-25,15
2025-04-26,0
2025-04-27,0
2025-04-28,3
2025-04-29,0
2025-04-30,0
2025-05-01,0
2025-05-02,0
2025-05-03,0
2025-05-04,0
2025-05-05,0
2025-05-06,0
2025-05-07,1
2025-05-08,37
2025-05-09,0
2025-05-10,4
2025-05-11,0
2025-05-12,0
2025-05-13,0
2025-05-14,0
2025-05-15,0
2025-05-16,0
2025-05-17,0
2025-05-18,0
2025-05-19,0
2025-05-20,0
2025-05-21,0
2025-05-22,0
2025-05-23,0
2025-05-24,0
2025-05-25,0
2025-05-26,0
2025-05-27,0
2025-05-28,0
2025-05-29,0
2025-05-30,0
2025-05-31,0
2025-06-01,0
2025-06-02,0
2025-06-03,0
2025-06-04,0
2025-06-05,0
2025-06-06,0
2025-06-07,0
2025-06-08,0
2025-06-09,0
2025-06-10,0
2025-06-11,0
2025-06-12,0
2025-06-13,16
2025-06-14,0
2025-06-15,0
2025-06-16,34
2025-06-17,9
2025-06-18,0
2025-06-19,0
2025-06-20,0
2025-06-21,8
2025-06-22,8
2025-06-23,1
2025-06-24,10
2025-06-25,20
2025-06-26,5
2025-06-27,0
2025-06-28,0
2025-06-29,0
2025-06-30,0
2025-07-01,0
2025-07-02,2
2025-07-03,10
2025-07-04,0
2025-07-05,7
2025-07-06,1
2025-07-07,15
2025-07-08,0
2025-07-09,0
2025-07-10,0
2025-07-11,13
2025-07-12,0
2025-07-13,0
2025-07-14,0
2025-07-15,0
2025-07-16,0
2025-07-17,0
2025-07-18,0
2025-07-19,0
2025-07-20,0
2025-07-21,0
2025-07-22,0
2025-07-23,0
2025-07-24,0
2025-07-25,0
2025-07-26,0
2025-07-27,0
2025-07-28,0
2025-07-29,0
2025-07-30,0
2025-07-31,0
2025-08-01,15
2025-08-02,0
2025-08-03,0
2025-08-04,28
2025-08-05,0
2025-08-06,3
2025-08-07,3
2025-08-08,0
2025-08-09,13
2025-08-10,20
2025-08-11,0
2025-08-12,0
2025-08-13,0
2025-08-14,0
2025-08-15,12
2025-08-16,10
2025-08-17,2
2025-08-18,0
2025-08-19,0
2025-08-20,2
2025-08-21,3
2025-08-22,0
2025-08-23,0
2025-08-24,0
2025-08-25,0
2025-08-26,8
2025-08-27,0
2025-08-28,0
2025-08-29,0
2025-08-30,0
2025-08-31,0
2025-09-01,0
2025-09-02,0
2025-09-03,0
2025-09-04,21
2025-09-05,0
2025-09-06,0
2025-09-07,0
2025-09-08,0
2025-09-09,0
2025-09-10,0
2025-09-11,5
2025-09-12,14
2025-09-13,9
2025-09-14,20
2025-09-15,11
2025-09-16,7
2025-09-17,0
2025-09-18,0
2025-09-19,13
2025-09-20,6
2025-09-21,4
2025-09-22,23
2025-09-23,0
2025-09-24,0
2025-09-25,10
2025-09-26,17
2025-09-27,3
2025-09-28,0
2025-09-29,0
2025-09-30,0
2025-10-01,0
2025-10-02,0
2025-10-03,0
2025-10-04,0
2025-10-05,0
2025-10-06,7
2025-10-07,38
2025-10-08,20
2025-10-09,21
2025-10-10,15
2025-10-11,24
2025-10-12,12
2025-10-13,0
2025-10-14,0
2025-10-15,15
2025-10-16,22
2025-10-17,10
2025-10-18,0
2025-10-19,7
2025-10-20,10
2025-10-21,0
2025-10-22,0
2025-10-23,0
2025-10-24,0
2025-10-25,0
2025-10-26,2
2025-10-27,0
2025-10-28,0
2025-10-29,0
2025-10-30,0
2025-10-31,0
2025-11-01,0
2025-11-02,8
2025-11-03,41
2025-11-04,19
2025-11-05,18
2025-11-06,0
2025-11-07,0
2025-11-08,0
2025-11-09,0
2025-11-10,8
2025-11-11,0
2025-11-12,8
2025-11-13,4
2025-11-14,0
2025-11-15,3
2025-11-16,22
2025-11-17,24
2025-11-18,25
2025-11-19,5
2025-11-20,3
2025-11-21,19
2025-11-22,14
2025-11-23,12
2025-11-24,18
2025-11-25,5
2025-11-26,15
2025-11-27,19
2025-11-28,19
2025-11-29,21
2025-11-30,13
2025-12-01,7
2025-12-02,11
2025-12-03,17
2025-12-04,24
2025-12-05,22
2025-12-06,3
2025-12-07,20
2025-12-08,5
2025-12-09,0
2025-12-10,18
2025-12-11,14
2025-12-12,24
2025-12-13,22
2025-12-14,18
2025-12-15,20
2025-12-16,12
2025-12-17,27
2025-12-18,10
2025-12-19,32
2025-12-20,19
2025-12-21,13
2025-12-22,27
2025-12-23,38
2025-12-24,7
2025-12-25,15
2025-12-26,14
2025-12-27,4
2025-12-28,25
2025-12-29,16
2025-12-30,2
2025-12-31,0
2026-01-01,3
2026-01-02,18
2026-01-03,23
2026-01-04,16
2026-01-05,13
2026-01-06,9
2026-01-07,0
2026-01-08,6
2026-01-09,0
2026-01-10,0
2026-01-11,0
2026-01-12,13
2026-01-13,10
2026-01-14,10
2026-01-15,5
2026-01-16,14
2026-01-17,29
2026-01-18,18
2026-01-19,13
2026-01-20,12
2026-01-21,14
2026-01-22,10
2026-01-23,15
2026-01-24,24
2026-01-25,7
2026-01-26,23
2026-01-27,12
2026-01-28,8
2026-01-29,2
2026-01-30,5
2026-01-31,1
2026-02-01,18
2026-02-02,8
2026-02-03,4
2026-02-04,30
2026-02-05,10
2026-02-06,11
2026-02-07,14
2026-02-08,14
2026-02-09,21
2026-02-10,7
2026-02-11,0
2026-02-12,7
2026-02-13,0
2026-02-14,0
2026-02-15,0
2026-02-16,20
2026-02-17,2
2026-02-18,0
2026-02-19,0
2026-02-20,0
2026-02-21,0
2026-02-22,0
2026-02-23,0
2026-02-24,20
2026-02-25,0
2026-02-26,0
2026-02-27,20
2026-02-28,26
2026-03-01,51
2026-03-02,69
2026-03-03,73
2026-03-04,75
2026-03-05,77
2026-03-06,83
2026-03-07,82
2026-03-08,83
2026-03-09,88
2026-03-10,80
2026-03-11,83
2026-03-12,91
2026-03-13,93
2026-03-14,93
2026-03-15,88
2026-03-16,87
2026-03-17,90
2026-03-18,95
2026-03-19,96
2026-03-20,97
2026-03-21,99
2026-03-22,97
2026-03-23,87
2026-03-24,92
2026-03-25,90
2026-03-26,93
2026-03-27,98
2026-03-28,95
2026-03-29,96
2026-03-30,94
2026-03-31,96
2026-04-01,84
2026-04-02,93
2026-04-03,91
2026-04-04,88
2026-04-05,89
2026-04-06,91
2026-04-07,93
2026-04-08,83
2026-04-09,82
2026-04-10,84
2026-04-11,81
2026-04-12,76
2026-04-13,83
2026-04-14,79
2026-04-15,76
2026-04-16,81
2026-04-17,69
2026-04-18,66
2026-04-19,77
2026-04-20,80
2026-04-21,86
2026-04-22,85
2026-04-23,91
2026-04-24,87
2026-04-25,88
2026-04-26,91
2026-04-27,95
2026-04-28,93
2026-04-29,98
2026-04-30,94
2026-05-01,87
2026-05-02,87
2026-05-03,90
2026-05-04,97
2026-05-05,96
2026-05-06,88
2026-05-07,86
2026-05-08,87
2026-05-09,86
2026-05-10,83
2026-05-11,85
2026-05-12,90
2026-05-13,87
2026-05-14,86
2026-05-15,93
2026-05-16,89
2026-05-17,93
2026-05-18,94
2026-05-19,93
2026-05-20,84
2026-05-21,86
2026-05-22,88
2026-05-23,86
2026-05-24,86
2026-05-25,87
2026-05-26,84
2026-05-27,81
2026-05-28,82
2026-05-29,81
2026-05-30,80
2026-05-31,81
2026-06-01,83
2026-06-02,82
2026-06-03,80
2026-06-04,81
2026-06-05,84
2026-06-06,84
2026-06-07,84
2026-06-08,81
2026-06-09,80
2026-06-10,82
2026-06-11,78
2026-06-12,76
2026-06-13,79
2026-06-14,77
2026-06-15,70
2026-06-16,66
2026-06-17,65
2026-06-18,59
2026-06-19,66
2026-06-20,56
2026-06-21,70
2026-06-22,65
2026-06-23,64
2026-06-24,34
2026-06-25,35
2026-06-26,43
2026-06-27,51
2026-06-28,56
2026-06-29,48
2026-06-30,56
2026-07-01,41
2026-07-02,45
2026-07-03,48
2026-07-04,55
2026-07-05,52
2026-07-06,50
2026-07-07,52
2026-07-08,65
2026-07-09,66
2026-07-10,68
2026-07-11,67
2026-07-12,70
2026-07-13,73
2026-07-14,72
2026-07-15,71
2026-07-16,73
2026-07-17,75
2026-07-18,70
2026-07-19,72
2026-07-20,73
2026-07-21,74
2026-07-22,76
2026-07-23,81
2026-07-24,79
2026-07-25,90
2026-07-26,87
2026-07-27,87
2026-07-28,81
