date,score,brent,tnx,sp500,hormuz_total,predicted_score,residual
2021-11-25,2,82.05,1.64,4701.46,73,7,5
2021-11-26,0,72.37,1.48,4594.62,89,0,0
2021-11-27,0,72.37,1.48,4594.62,105,0,0
2021-11-28,23,72.37,1.48,4594.62,39,26,3
2021-11-29,0,73.34,1.52,4655.27,90,0,0
2021-11-30,0,70.86,1.43,4567,88,0,0
2021-12-01,0,69.53,1.43,4513.04,101,0,0
2021-12-02,0,70.56,1.44,4577.1,99,0,0
2021-12-03,0,70.71,1.35,4538.43,108,0,0
2021-12-04,0,70.71,1.35,4538.43,95,0,0
2021-12-05,0,70.71,1.35,4538.43,89,0,0
2021-12-06,0,73.38,1.43,4591.67,72,1,1
2021-12-07,0,75.54,1.48,4686.75,90,0,0
2021-12-08,5,75.94,1.52,4701.21,62,11,6
2021-12-09,0,74.1,1.49,4667.45,95,0,0
2021-12-10,0,74.98,1.48,4712.02,105,0,0
2021-12-11,0,74.98,1.48,4712.02,71,3,3
2021-12-12,0,74.98,1.48,4712.02,71,3,3
2021-12-13,0,74.12,1.42,4668.97,69,4,4
2021-12-14,0,73.37,1.44,4634.09,87,0,0
2021-12-15,0,73.71,1.47,4709.85,99,0,0
2021-12-16,4,74.64,1.44,4668.67,63,9,5
2021-12-17,0,72.97,1.41,4620.64,82,0,0
2021-12-18,0,72.97,1.41,4620.64,115,0,0
2021-12-19,0,72.97,1.41,4620.64,107,0,0
2021-12-20,0,70.51,1.43,4568.02,92,0,0
2021-12-21,0,72.85,1.48,4649.23,71,2,2
2021-12-22,0,74.69,1.46,4696.56,85,0,0
2021-12-23,0,76.26,1.5,4725.79,78,0,0
2021-12-24,0,75.24,1.5,4725.79,85,0,0
2021-12-25,0,75.24,1.5,4725.79,113,0,0
2021-12-26,0,75.24,1.5,4725.79,95,0,0
2021-12-27,0,75.24,1.48,4791.19,74,1,1
2021-12-28,0,75.24,1.49,4786.35,82,0,0
2021-12-29,3,78.63,1.55,4793.06,68,8,5
2021-12-30,0,78.61,1.52,4778.73,90,0,0
2021-12-31,0,77.24,1.52,4766.18,91,0,0
2022-01-01,0,77.24,1.52,4766.18,71,5,5
2022-01-02,0,77.24,1.52,4766.18,94,0,0
2022-01-03,0,78.25,1.63,4796.56,83,0,0
2022-01-04,0,79.39,1.66,4793.54,89,0,0
2022-01-05,0,80.6,1.71,4700.58,87,0,0
2022-01-06,0,81.99,1.73,4696.05,82,1,1
2022-01-07,2,82.28,1.76,4677.03,76,5,3
2022-01-08,0,82.28,1.76,4677.03,84,0,0
2022-01-09,0,82.28,1.76,4677.03,101,0,0
2022-01-10,0,81.56,1.78,4670.29,97,0,0
2022-01-11,0,84.98,1.75,4713.07,85,0,0
2022-01-12,0,85.83,1.74,4726.35,97,0,0
2022-01-13,0,85.8,1.7,4659.03,97,0,0
2022-01-14,0,87.17,1.78,4662.85,101,0,0
2022-01-15,0,87.17,1.78,4662.85,84,2,2
2022-01-16,0,87.17,1.78,4662.85,98,0,0
2022-01-17,0,87.82,1.78,4662.85,88,0,0
2022-01-18,0,88.83,1.87,4577.11,108,0,0
2022-01-19,0,89.64,1.83,4532.76,101,0,0
2022-01-20,0,89.75,1.83,4482.73,96,0,0
2022-01-21,4,89.75,1.75,4397.94,83,5,1
2022-01-22,10,89.75,1.75,4397.94,76,10,0
2022-01-23,2,89.75,1.75,4397.94,86,3,1
2022-01-24,0,87.74,1.75,4410.13,92,0,0
2022-01-25,0,89.49,1.78,4356.45,102,0,0
2022-01-26,0,91.22,1.85,4349.93,112,0,0
2022-01-27,0,90.7,1.81,4326.51,111,0,0
2022-01-28,13,91.47,1.78,4431.85,73,14,1
2022-01-29,0,91.47,1.78,4431.85,92,0,0
2022-01-30,0,91.47,1.78,4431.85,108,0,0
2022-01-31,0,92.35,1.79,4515.55,103,0,0
2022-02-01,0,90.24,1.81,4546.54,116,0,0
2022-02-02,0,91.43,1.78,4589.38,105,0,0
2022-02-03,0,92.99,1.82,4477.44,122,0,0
2022-02-04,0,96.86,1.93,4500.53,114,0,0
2022-02-05,0,96.86,1.93,4500.53,119,0,0
2022-02-06,0,96.86,1.93,4500.53,96,0,0
2022-02-07,5,97.28,1.92,4483.87,86,8,3
2022-02-08,0,96.07,1.96,4521.54,114,0,0
2022-02-09,0,94.95,1.94,4587.18,113,0,0
2022-02-10,0,96.37,2.03,4504.08,113,0,0
2022-02-11,0,97.5,1.92,4418.64,131,0,0
2022-02-12,0,97.5,1.92,4418.64,123,0,0
2022-02-13,0,97.5,1.92,4418.64,104,0,0
2022-02-14,2,101.66,1.98,4401.67,95,4,2
2022-02-15,0,98.43,2.05,4471.07,114,0,0
2022-02-16,0,97.44,2.03,4475.01,127,0,0
2022-02-17,0,95.28,1.97,4380.26,114,0,0
2022-02-18,0,96.18,1.92,4348.87,112,0,0
2022-02-19,0,96.18,1.92,4348.87,128,0,0
2022-02-20,0,96.18,1.92,4348.87,119,0,0
2022-02-21,0,98.95,1.92,4348.87,108,0,0
2022-02-22,18,98.73,1.94,4304.76,76,17,-1
2022-02-23,0,99.29,1.99,4225.5,117,0,0
2022-02-24,0,101.29,1.96,4288.7,113,0,0
2022-02-25,0,98.56,1.97,4384.65,130,0,0
2022-02-26,0,98.56,1.97,4384.65,114,0,0
2022-02-27,0,98.56,1.97,4384.65,115,0,0
2022-02-28,11,103.08,1.83,4373.94,86,11,0
2022-03-01,5,110.93,1.72,4306.26,97,7,2
2022-03-02,5,118.94,1.86,4386.54,104,7,2
2022-03-03,0,115.36,1.86,4363.49,122,0,0
2022-03-04,1,123.86,1.74,4328.87,114,2,1
2022-03-05,11,123.86,1.74,4328.87,100,13,2
2022-03-06,0,123.86,1.74,4328.87,116,1,1
2022-03-07,17,129.02,1.78,4201.09,100,16,-1
2022-03-08,33,133.18,1.86,4170.7,84,32,-1
2022-03-09,12,116.58,1.94,4277.88,96,13,1
2022-03-10,18,114.54,1.98,4259.52,87,19,1
2022-03-11,18,118.11,2,4204.31,91,18,0
2022-03-12,0,118.11,2,4204.31,122,0,0
2022-03-13,0,118.11,2,4204.31,137,0,0
2022-03-14,0,110.39,2.14,4173.11,133,0,0
2022-03-15,0,105.14,2.15,4262.45,123,0,0
2022-03-16,0,104.61,2.19,4357.86,122,0,0
2022-03-17,4,113.5,2.2,4411.67,102,8,4
2022-03-18,26,114.32,2.14,4463.12,73,30,4
2022-03-19,2,114.32,2.14,4463.12,105,5,3
2022-03-20,0,114.32,2.14,4463.12,108,3,3
2022-03-21,0,122.29,2.32,4461.18,126,0,0
2022-03-22,0,121.53,2.38,4511.61,123,0,0
2022-03-23,0,127.52,2.32,4456.24,124,0,0
2022-03-24,33,123.98,2.34,4520.16,75,35,2
2022-03-25,6,122.67,2.48,4543.06,112,7,1
2022-03-26,0,122.67,2.48,4543.06,123,0,0
2022-03-27,4,122.67,2.48,4543.06,115,5,1
2022-03-28,21,114.5,2.46,4575.52,85,23,2
2022-03-29,19,112.79,2.41,4631.6,84,22,3
2022-03-30,15,115.59,2.35,4602.45,93,16,1
2022-03-31,0,107.29,2.32,4530.41,131,0,0
2022-04-01,0,106.13,2.39,4545.86,135,0,0
2022-04-02,12,106.13,2.39,4545.86,89,14,2
2022-04-03,0,106.13,2.39,4545.86,126,0,0
2022-04-04,0,108.15,2.42,4582.64,129,0,0
2022-04-05,0,106.6,2.54,4525.12,125,0,0
2022-04-06,0,100.81,2.61,4481.15,146,0,0
2022-04-07,0,99.83,2.66,4500.21,128,0,0
2022-04-08,0,101.26,2.72,4488.28,109,0,0
2022-04-09,3,101.26,2.72,4488.28,104,2,-1
2022-04-10,15,101.26,2.72,4488.28,89,13,-2
2022-04-11,2,97.92,2.79,4412.53,104,0,-2
2022-04-12,0,104.42,2.72,4397.45,115,0,0
2022-04-13,0,108.49,2.7,4446.59,126,0,0
2022-04-14,0,110.83,2.83,4392.59,125,0,0
2022-04-15,4,110.83,2.83,4392.59,113,1,-3
2022-04-16,8,110.83,2.83,4392.59,108,5,-3
2022-04-17,0,110.83,2.83,4392.59,120,0,0
2022-04-18,5,110.83,2.85,4391.69,113,1,-4
2022-04-19,2,105.49,2.93,4462.21,112,0,-2
2022-04-20,0,105.05,2.85,4459.45,120,0,0
2022-04-21,1,107.2,2.9,4393.66,115,0,-1
2022-04-22,0,105.15,2.9,4271.78,125,0,0
2022-04-23,0,105.15,2.9,4271.78,134,0,0
2022-04-24,3,105.15,2.9,4271.78,113,0,-3
2022-04-25,0,99.27,2.81,4296.12,115,0,0
2022-04-26,0,102.89,2.77,4175.2,143,0,0
2022-04-27,0,103.3,2.82,4183.96,127,0,0
2022-04-28,0,105.78,2.85,4287.5,121,0,0
2022-04-29,0,108.36,2.89,4131.93,121,0,0
2022-04-30,12,108.36,2.89,4131.93,105,7,-5
2022-05-01,13,108.36,2.89,4131.93,104,7,-6
2022-05-02,4,108.36,2.99,4155.38,114,0,-4
2022-05-03,3,104.94,2.97,4175.48,113,0,-3
2022-05-04,11,110.53,2.93,4300.17,104,9,-2
2022-05-05,0,112.11,3.05,4146.87,130,0,0
2022-05-06,0,113.86,3.12,4123.34,145,0,0
2022-05-07,0,113.86,3.12,4123.34,136,0,0
2022-05-08,0,113.86,3.12,4123.34,129,0,0
2022-05-09,5,106.67,3.05,3991.24,114,0,-5
2022-05-10,14,102.61,2.99,4001.05,99,9,-5
2022-05-11,59,107.7,2.91,3935.18,44,53,-6
2022-05-12,52,108.06,2.84,3930.08,52,47,-5
2022-05-13,44,112.12,2.93,4023.89,66,39,-5
2022-05-14,13,112.12,2.93,4023.89,107,8,-5
2022-05-15,25,112.12,2.93,4023.89,91,20,-5
2022-05-16,27,114.86,2.88,4008.01,90,22,-5
2022-05-17,8,112.89,2.98,4088.85,113,4,-4
2022-05-18,0,110.04,2.89,3923.68,123,0,0
2022-05-19,2,113.22,2.84,3900.79,121,0,-2
2022-05-20,23,113.63,2.78,3901.36,94,18,-5
2022-05-21,4,113.63,2.78,3901.36,118,0,-4
2022-05-22,30,113.63,2.78,3901.36,84,26,-4
2022-05-23,14,115.13,2.86,3973.75,106,10,-4
2022-05-24,28,115.77,2.76,3941.48,87,24,-4
2022-05-25,9,116.41,2.75,3978.73,112,6,-3
2022-05-26,13,119.81,2.75,4057.84,109,10,-3
2022-05-27,0,121.19,2.74,4158.24,128,0,0
2022-05-28,4,121.19,2.74,4158.24,121,1,-3
2022-05-29,0,121.19,2.74,4158.24,126,0,0
2022-05-30,0,123.01,2.74,4158.24,127,0,0
2022-05-31,10,125.53,2.85,4132.15,117,8,-2
2022-06-01,0,122.2,2.94,4101.23,129,0,0
2022-06-02,0,122.2,2.92,4176.82,144,0,0
2022-06-03,3,125.68,2.96,4108.54,124,3,0
2022-06-04,15,125.68,2.96,4108.54,109,15,0
2022-06-05,10,125.68,2.96,4108.54,115,10,0
2022-06-06,8,124.99,3.04,4121.43,118,8,0
2022-06-07,17,126.89,2.98,4160.68,106,18,1
2022-06-08,47,129.2,3.03,4115.77,71,46,-1
2022-06-09,33,128.47,3.04,4017.82,90,31,-2
2022-06-10,45,127.44,3.15,3900.86,76,42,-3
2022-06-11,19,127.44,3.15,3900.86,109,17,-2
2022-06-12,21,127.44,3.15,3900.86,107,19,-2
2022-06-13,48,128.44,3.43,3749.63,76,45,-3
2022-06-14,22,127.02,3.49,3735.48,110,18,-4
2022-06-15,50,124.96,3.33,3789.99,69,47,-3
2022-06-16,19,125.78,3.28,3666.77,111,16,-3
2022-06-17,35,119.22,3.25,3674.84,83,33,-2
2022-06-18,19,119.22,3.25,3674.84,104,17,-2
2022-06-19,11,119.22,3.25,3674.84,114,9,-2
2022-06-20,14,118.25,3.25,3674.84,110,12,-2
2022-06-21,23,118.51,3.31,3764.79,100,20,-3
2022-06-22,27,115.54,3.16,3759.89,90,25,-2
2022-06-23,10,114.5,3.09,3795.73,110,8,-2
2022-06-24,32,117.36,3.13,3911.74,83,31,-1
2022-06-25,13,117.36,3.13,3911.74,108,12,-1
2022-06-26,4,117.36,3.13,3911.74,120,2,-2
2022-06-27,0,119.69,3.2,3900.11,130,0,0
2022-06-28,14,122.21,3.2,3821.55,112,12,-2
2022-06-29,9,120.8,3.1,3818.83,117,7,-2
2022-06-30,0,119.78,2.98,3785.38,134,0,0
2022-07-01,17,119.21,2.88,3825.33,100,18,1
2022-07-02,25,119.21,2.88,3825.33,90,25,0
2022-07-03,5,119.21,2.88,3825.33,116,5,0
2022-07-04,0,121.8,2.88,3825.33,132,0,0
2022-07-05,3,110.49,2.82,3831.39,110,4,1
2022-07-06,3,108.54,2.93,3845.08,109,4,1
2022-07-07,10,113.4,3.01,3902.62,103,12,2
2022-07-08,41,113.95,3.09,3899.38,66,41,0
2022-07-09,8,113.95,3.09,3899.38,108,9,1
2022-07-10,33,113.95,3.09,3899.38,76,34,1
2022-07-11,11,114.85,2.99,3854.43,104,12,1
2022-07-12,14,106.98,2.96,3818.8,93,16,2
2022-07-13,0,107.17,2.91,3801.78,114,0,0
2022-07-14,0,107.74,2.96,3790.38,147,0,0
2022-07-15,0,112.26,2.93,3863.16,134,0,0
2022-07-16,0,112.26,2.93,3863.16,112,4,4
2022-07-17,0,112.26,2.93,3863.16,117,0,0
2022-07-18,33,117.27,2.96,3830.85,74,37,4
2022-07-19,23,114.96,3.01,3936.69,88,25,2
2022-07-20,17,115.86,3.04,3959.9,96,19,2
2022-07-21,23,112.81,2.91,3998.95,84,26,3
2022-07-22,11,106.77,2.77,3961.63,98,11,0
2022-07-23,15,106.77,2.77,3961.63,93,14,-1
2022-07-24,48,106.77,2.77,3961.63,49,48,0
2022-07-25,31,108.23,2.81,3966.84,73,31,0
2022-07-26,0,107.32,2.81,3921.05,122,0,0
2022-07-27,4,109.64,2.78,4023.61,108,5,1
2022-07-28,12,109.68,2.68,4072.43,98,12,0
2022-07-29,9,111.51,2.67,4130.29,103,9,0
2022-07-30,0,111.51,2.67,4130.29,118,0,0
2022-07-31,2,111.51,2.67,4130.29,112,2,0
2022-08-01,0,106.09,2.6,4118.63,108,1,1
2022-08-02,0,106.51,2.75,4091.19,126,0,0
2022-08-03,0,101.82,2.73,4155.17,134,0,0
2022-08-04,0,97.99,2.68,4151.94,126,0,0
2022-08-05,0,100.31,2.83,4145.19,115,0,0
2022-08-06,12,100.31,2.83,4145.19,88,14,2
2022-08-07,0,100.31,2.83,4145.19,119,0,0
2022-08-08,0,103.46,2.77,4140.06,115,0,0
2022-08-09,20,103.81,2.8,4122.47,79,23,3
2022-08-10,0,105.06,2.78,4210.24,133,0,0
2022-08-11,10,107.19,2.87,4207.27,95,13,3
2022-08-12,0,103.7,2.84,4280.15,126,0,0
2022-08-13,0,103.7,2.84,4280.15,120,0,0
2022-08-14,0,103.7,2.84,4280.15,111,0,0
2022-08-15,0,98.25,2.79,4297.14,118,0,0
2022-08-16,0,95.36,2.82,4305.2,129,0,0
2022-08-17,14,97.22,2.89,4274.04,84,16,2
2022-08-18,4,96.35,2.88,4283.74,99,4,0
2022-08-19,0,96.45,2.98,4228.48,139,0,0
2022-08-20,0,96.45,2.98,4228.48,121,0,0
2022-08-21,0,96.45,2.98,4228.48,109,0,0
2022-08-22,0,95.06,3.03,4137.99,108,0,0
2022-08-23,0,99.49,3.05,4128.73,118,0,0
2022-08-24,12,99.87,3.11,4140.77,96,10,-2
2022-08-25,4,98.81,3.03,4199.12,104,2,-2
2022-08-26,0,101.13,3.04,4057.66,127,0,0
2022-08-27,0,101.13,3.04,4057.66,112,0,0
2022-08-28,9,101.13,3.04,4057.66,100,7,-2
2022-08-29,27,101.13,3.12,4030.61,80,23,-4
2022-08-30,5,99.34,3.11,3986.16,104,3,-2
2022-08-31,0,96.55,3.15,3955,121,0,0
2022-09-01,0,92.24,3.26,3966.85,134,0,0
2022-09-02,0,93.09,3.2,3924.26,132,0,0
2022-09-03,0,93.09,3.2,3924.26,129,0,0
2022-09-04,0,93.09,3.2,3924.26,129,0,0
2022-09-05,0,94.22,3.2,3924.26,119,0,0
2022-09-06,0,91.43,3.33,3908.19,108,0,0
2022-09-07,7,86.83,3.27,3979.87,94,4,-3
2022-09-08,16,87.99,3.29,4006.18,83,14,-2
2022-09-09,28,91.68,3.33,4067.36,70,26,-2
2022-09-10,33,91.68,3.33,4067.36,64,31,-2
2022-09-11,0,91.68,3.33,4067.36,106,0,0
2022-09-12,11,93.45,3.37,4110.41,93,10,-1
2022-09-13,0,92.04,3.42,3932.69,122,0,0
2022-09-14,0,92.83,3.41,3946.01,131,0,0
2022-09-15,4,89.28,3.45,3901.35,102,1,-3
2022-09-16,0,89.43,3.45,3873.33,131,0,0
2022-09-17,5,89.43,3.45,3873.33,102,1,-4
2022-09-18,9,89.43,3.45,3873.33,96,6,-3
2022-09-19,28,89.43,3.49,3899.89,72,24,-4
2022-09-20,0,89.62,3.57,3855.93,110,0,0
2022-09-21,29,89.86,3.51,3789.93,70,26,-3
2022-09-22,0,90.4,3.7,3757.99,110,0,0
2022-09-23,12,84.29,3.69,3693.23,91,8,-4
2022-09-24,18,84.29,3.69,3693.23,84,13,-5
2022-09-25,0,84.29,3.69,3693.23,121,0,0
2022-09-26,0,82.55,3.88,3655.04,128,0,0
2022-09-27,11,85.97,3.97,3647.29,95,8,-3
2022-09-28,18,89.55,3.72,3719.04,86,15,-3
2022-09-29,2,89.41,3.76,3640.47,107,0,-2
2022-09-30,22,88.9,3.83,3585.62,81,19,-3
2022-10-01,4,88.9,3.83,3585.62,105,1,-3
2022-10-02,0,88.9,3.83,3585.62,115,0,0
2022-10-03,4,90.68,3.67,3678.43,103,3,-1
2022-10-04,0,93.74,3.62,3790.93,111,0,0
2022-10-05,0,94.35,3.76,3783.28,123,0,0
2022-10-06,5,95.65,3.83,3744.52,108,3,-2
2022-10-07,21,98.88,3.89,3639.66,92,17,-4
2022-10-08,3,98.88,3.89,3639.66,115,0,-3
2022-10-09,4,98.88,3.89,3639.66,113,1,-3
2022-10-10,3,97.13,3.89,3612.39,113,0,-3
2022-10-11,6,95.17,3.93,3588.84,109,2,-4
2022-10-12,13,93.44,3.91,3577.03,97,10,-3
2022-10-13,14,95.16,3.97,3669.91,98,11,-3
2022-10-14,0,92.22,4,3583.07,119,0,0
2022-10-15,0,92.22,4,3583.07,127,0,0
2022-10-16,0,92.22,4,3583.07,115,0,0
2022-10-17,3,91.04,4.02,3677.95,110,0,-3
2022-10-18,30,89.46,4.01,3719.98,73,27,-3
2022-10-19,5,91.34,4.14,3695.16,109,1,-4
2022-10-20,17,91.52,4.24,3665.78,95,13,-4
2022-10-21,0,91.82,4.21,3752.75,121,0,0
2022-10-22,0,91.82,4.21,3752.75,124,0,0
2022-10-23,0,91.82,4.21,3752.75,134,0,0
2022-10-24,11,91.57,4.25,3797.34,102,7,-4
2022-10-25,13,91.76,4.1,3859.11,98,9,-4
2022-10-26,20,92.93,4.04,3830.6,90,16,-4
2022-10-27,0,94.17,3.96,3807.3,130,0,0
2022-10-28,0,94.64,4.02,3901.06,138,0,0
2022-10-29,0,94.64,4.02,3901.06,121,0,0
2022-10-30,19,94.64,4.02,3901.06,91,16,-3
2022-10-31,18,93.3,4.1,3871.98,92,15,-3
2022-11-01,3,95.12,4.07,3856.1,112,1,-2
2022-11-02,6,96.07,4.1,3759.69,110,3,-3
2022-11-03,12,95.29,4.14,3719.89,101,10,-2
2022-11-04,24,99.53,4.17,3770.55,89,22,-2
2022-11-05,32,99.53,4.17,3770.55,78,30,-2
2022-11-06,19,99.53,4.17,3770.55,96,16,-3
2022-11-07,11,99.87,4.22,3806.8,106,9,-2
2022-11-08,24,96.85,4.14,3828.11,86,22,-2
2022-11-09,47,93.05,4.12,3748.57,54,44,-3
2022-11-10,27,94.25,3.82,3956.37,76,26,-1
2022-11-11,6,96.37,3.82,3992.93,106,4,-2
2022-11-12,6,96.37,3.82,3992.93,105,5,-1
2022-11-13,32,96.37,3.82,3992.93,72,30,-2
2022-11-14,30,93.59,3.88,3957.25,72,29,-1
2022-11-15,21,94.3,3.8,3991.73,84,20,-1
2022-11-16,19,92.61,3.67,3958.79,85,17,-2
2022-11-17,0,91,3.77,3946.56,128,0,0
2022-11-18,0,88.93,3.82,3965.34,110,0,0
2022-11-19,53,88.93,3.82,3965.34,37,53,0
2022-11-20,7,88.93,3.82,3965.34,97,7,0
2022-11-21,25,88.44,3.83,3949.94,74,24,-1
2022-11-22,26,88.65,3.76,4003.58,72,25,-1
2022-11-23,21,85.9,3.71,4027.26,76,20,-1
2022-11-24,17,85.59,3.71,4027.26,81,16,-1
2022-11-25,26,83.4,3.68,4026.12,67,25,-1
2022-11-26,39,83.4,3.68,4026.12,51,38,-1
2022-11-27,0,83.4,3.68,4026.12,104,0,0
2022-11-28,0,83.5,3.69,3963.94,115,0,0
2022-11-29,0,83.22,3.75,3957.63,106,0,0
2022-11-30,5,85.61,3.68,4080.11,96,4,-1
2022-12-01,17,86.28,3.53,4076.57,80,16,-1
2022-12-02,11,86.54,3.51,4071.7,87,11,0
2022-12-03,11,86.54,3.51,4071.7,86,12,1
2022-12-04,9,86.54,3.51,4071.7,89,9,0
2022-12-05,8,83.36,3.6,3998.84,89,8,0
2022-12-06,16,79.92,3.51,3941.26,76,15,-1
2022-12-07,0,77.11,3.42,3933.92,94,0,0
2022-12-08,19,76.02,3.48,3963.51,69,18,-1
2022-12-09,23,76.37,3.57,3934.38,64,23,0
2022-12-10,5,76.37,3.57,3934.38,87,5,0
2022-12-11,4,76.37,3.57,3934.38,89,4,0
2022-12-12,4,78,3.61,3990.56,91,3,-1
2022-12-13,7,80.14,3.51,4019.65,88,6,-1
2022-12-14,12,83.33,3.49,3995.32,83,12,0
2022-12-15,0,82.34,3.44,3895.75,101,0,0
2022-12-16,9,80.2,3.48,3852.36,85,9,0
2022-12-17,0,80.2,3.48,3852.36,99,0,0
2022-12-18,0,80.2,3.48,3852.36,110,0,0
2022-12-19,16,81.66,3.57,3817.66,77,16,0
2022-12-20,21,79.45,3.69,3821.62,72,19,-2
2022-12-21,7,80.25,3.68,3878.44,91,5,-2
2022-12-22,0,79.58,3.67,3822.39,108,0,0
2022-12-23,9,82.45,3.75,3844.82,91,7,-2
2022-12-24,25,82.45,3.75,3844.82,70,23,-2
2022-12-25,24,82.45,3.75,3844.82,72,22,-2
2022-12-26,18,82.45,3.75,3844.82,79,16,-2
2022-12-27,26,82.45,3.84,3829.25,71,23,-3
2022-12-28,12,81.7,3.88,3783.22,89,9,-3
2022-12-29,20,80.96,3.83,3849.28,76,18,-2
2022-12-30,41,82.82,3.88,3839.5,53,37,-4
2022-12-31,31,82.82,3.88,3839.5,66,27,-4
2023-01-01,14,82.82,3.88,3839.5,88,10,-4
2023-01-02,5,82.82,3.88,3839.5,99,2,-3
2023-01-03,8,80.36,3.79,3824.14,92,5,-3
2023-01-04,1,75.31,3.69,3852.97,96,0,-1
2023-01-05,6,76.73,3.71,3808.1,91,3,-3
2023-01-06,20,76.41,3.55,3895.08,70,18,-2
2023-01-07,1,76.41,3.55,3895.08,95,0,-1
2023-01-08,8,76.41,3.55,3895.08,86,6,-2
2023-01-09,6,77.5,3.53,3892.09,89,4,-2
2023-01-10,7,78.4,3.61,3919.25,89,5,-2
2023-01-11,23,81.11,3.54,3969.61,69,22,-1
2023-01-12,15,82.59,3.43,3983.17,80,13,-2
2023-01-13,25,83.43,3.49,3999.09,68,23,-2
2023-01-14,7,83.43,3.49,3999.09,91,6,-1
2023-01-15,28,83.43,3.49,3999.09,64,27,-1
2023-01-16,17,82.65,3.49,3999.09,78,15,-2
2023-01-17,13,84.38,3.53,3990.97,85,11,-2
2023-01-18,3,83.78,3.37,3928.86,95,2,-1
2023-01-19,2,85.08,3.39,3898.85,98,1,-1
2023-01-20,10,86.96,3.48,3972.61,89,10,0
2023-01-21,10,86.96,3.48,3972.61,90,9,-1
2023-01-22,0,86.96,3.48,3972.61,105,0,0
2023-01-23,10,87.54,3.52,4019.81,90,9,-1
2023-01-24,4,85.25,3.46,4016.95,95,4,0
2023-01-25,0,85.08,3.46,4016.22,120,0,0
2023-01-26,6,86.29,3.49,4060.43,94,5,-1
2023-01-27,8,85.36,3.52,4070.56,90,8,0
2023-01-28,2,85.36,3.52,4070.56,98,2,0
2023-01-29,12,85.36,3.52,4070.56,85,12,0
2023-01-30,14,84.9,3.55,4017.77,82,14,0
2023-01-31,0,83.42,3.52,4076.6,100,0,0
2023-02-01,4,81.61,3.39,4119.21,91,4,0
2023-02-02,19,80.57,3.4,4179.76,70,19,0
2023-02-03,0,78.85,3.53,4136.48,104,0,0
2023-02-04,0,78.85,3.53,4136.48,97,0,0
2023-02-05,17,78.85,3.53,4136.48,73,17,0
2023-02-06,2,80.48,3.63,4111.08,94,2,0
2023-02-07,0,82.92,3.67,4164,117,0,0
2023-02-08,7,84.17,3.63,4117.86,91,7,0
2023-02-09,7,83.46,3.67,4081.5,91,7,0
2023-02-10,25,85.46,3.74,4090.46,70,25,0
2023-02-11,34,85.46,3.74,4090.46,58,34,0
2023-02-12,0,85.46,3.74,4090.46,117,0,0
2023-02-13,0,85.98,3.72,4137.29,114,0,0
2023-02-14,26,84.96,3.77,4136.13,68,26,0
2023-02-15,32,84.11,3.81,4147.6,60,32,0
2023-02-16,0,83.84,3.86,4090.41,148,0,0
2023-02-17,0,81.97,3.82,4079.09,116,0,0
2023-02-18,13,81.97,3.82,4079.09,84,12,-1
2023-02-19,14,81.97,3.82,4079.09,82,14,0
2023-02-20,0,82.79,3.82,4079.09,108,0,0
2023-02-21,0,82.14,3.95,3997.34,102,0,0
2023-02-22,0,79.55,3.93,3991.05,126,0,0
2023-02-23,8,82.08,3.88,4012.32,91,7,-1
2023-02-24,0,82.31,3.95,3970.04,134,0,0
2023-02-25,0,82.31,3.95,3970.04,117,0,0
2023-02-26,0,82.31,3.95,3970.04,131,0,0
2023-02-27,7,81.24,3.92,3982.24,93,6,-1
2023-02-28,0,83.21,3.92,3970.15,105,0,0
2023-03-01,4,83.68,4.01,3951.39,99,3,-1
2023-03-02,12,84.15,4.08,3981.35,89,11,-1
2023-03-03,12,85.74,3.97,4045.64,89,12,0
2023-03-04,25,85.74,3.97,4045.64,72,25,0
2023-03-05,3,85.74,3.97,4045.64,101,2,-1
2023-03-06,0,85.86,3.98,4048.42,126,0,0
2023-03-07,0,83.03,3.97,3986.37,131,0,0
2023-03-08,0,82.1,3.98,3992.01,121,0,0
2023-03-09,0,81,3.93,3918.32,123,0,0
2023-03-10,0,82.3,3.7,3861.59,113,0,0
2023-03-11,0,82.3,3.7,3861.59,133,0,0
2023-03-12,0,82.3,3.7,3861.59,114,0,0
2023-03-13,0,79.67,3.55,3855.76,103,0,0
2023-03-14,0,76.77,3.64,3919.29,108,0,0
2023-03-15,11,74.3,3.51,3891.93,77,11,0
2023-03-16,0,73.12,3.56,3960.28,98,0,0
2023-03-17,0,71.03,3.39,3916.64,98,0,0
2023-03-18,0,71.03,3.39,3916.64,104,0,0
2023-03-19,0,71.03,3.39,3916.64,112,0,0
2023-03-20,0,72.42,3.47,3951.57,99,0,0
2023-03-21,12,74.78,3.59,4002.87,77,12,0
2023-03-22,17,76.08,3.48,3936.97,71,17,0
2023-03-23,19,74.31,3.38,3948.72,67,18,-1
2023-03-24,32,73.63,3.38,3970.99,49,31,-1
2023-03-25,7,73.63,3.38,3970.99,81,7,0
2023-03-26,0,73.63,3.38,3970.99,91,0,0
2023-03-27,23,76.8,3.53,3977.53,64,23,0
2023-03-28,24,78.07,3.55,3971.27,64,24,0
2023-03-29,8,77.51,3.57,4027.81,84,8,0
2023-03-30,0,78.45,3.55,4050.83,113,0,0
2023-03-31,0,79.19,3.48,4109.31,126,0,0
2023-04-01,0,79.19,3.48,4109.31,123,0,0
2023-04-02,13,79.19,3.48,4109.31,77,14,1
2023-04-03,18,85.81,3.43,4124.51,74,20,2
2023-04-04,13,85.7,3.35,4100.6,79,15,2
2023-04-05,2,85.89,3.3,4090.38,93,5,3
2023-04-06,0,86.56,3.3,4105.02,128,0,0
2023-04-07,1,86.56,3.39,4105.02,95,4,3
2023-04-08,0,86.56,3.39,4105.02,107,0,0
2023-04-09,0,86.56,3.39,4105.02,121,0,0
2023-04-10,0,86.56,3.41,4109.11,107,0,0
2023-04-11,0,87.32,3.43,4108.94,121,0,0
2023-04-12,0,88.31,3.41,4091.95,101,1,1
2023-04-13,0,86.51,3.45,4146.22,110,0,0
2023-04-14,0,87.31,3.52,4137.64,104,0,0
2023-04-15,7,87.31,3.52,4137.64,90,9,2
2023-04-16,6,87.31,3.52,4137.64,91,8,2
2023-04-17,3,85.63,3.6,4151.32,94,5,2
2023-04-18,0,85.48,3.58,4154.87,103,0,0
2023-04-19,0,85.34,3.6,4154.52,110,0,0
2023-04-20,0,83.29,3.54,4129.79,157,0,0
2023-04-21,0,83.36,3.57,4133.52,122,0,0
2023-04-22,0,83.36,3.57,4133.52,145,0,0
2023-04-23,0,83.36,3.57,4133.52,109,0,0
2023-04-24,0,84.23,3.52,4137.04,106,0,0
2023-04-25,0,82.13,3.4,4071.63,106,0,0
2023-04-26,6,79.19,3.43,4055.99,83,9,3
2023-04-27,0,80.11,3.53,4135.35,101,0,0
2023-04-28,0,81.32,3.44,4169.48,101,0,0
2023-04-29,0,81.32,3.44,4169.48,107,0,0
2023-04-30,5,81.32,3.44,4169.48,85,9,4
2023-05-01,0,81.32,3.59,4167.87,102,0,0
2023-05-02,0,76.71,3.44,4119.58,102,0,0
2023-05-03,0,72.91,3.38,4090.75,92,0,0
2023-05-04,0,73,3.37,4061.22,87,2,2
2023-05-05,0,75.85,3.44,4136.25,97,0,0
2023-05-06,0,75.85,3.44,4136.25,131,0,0
2023-05-07,0,75.85,3.44,4136.25,125,0,0
2023-05-08,0,75.85,3.52,4138.12,126,0,0
2023-05-09,0,77.76,3.53,4119.17,98,0,0
2023-05-10,0,76.7,3.43,4137.64,118,0,0
2023-05-11,0,75.32,3.39,4130.62,134,0,0
2023-05-12,0,74.54,3.46,4124.08,108,0,0
2023-05-13,0,74.54,3.46,4124.08,123,0,0
2023-05-14,0,74.54,3.46,4124.08,118,0,0
2023-05-15,0,75.46,3.5,4136.28,97,0,0
2023-05-16,16,75.15,3.54,4109.9,69,18,2
2023-05-17,0,76.98,3.57,4158.77,101,0,0
2023-05-18,0,75.75,3.65,4198.05,125,0,0
2023-05-19,0,75.42,3.7,4191.98,134,0,0
2023-05-20,0,75.42,3.7,4191.98,132,0,0
2023-05-21,21,75.42,3.7,4191.98,62,24,3
2023-05-22,0,75.77,3.72,4192.63,111,0,0
2023-05-23,0,76.66,3.7,4145.58,103,0,0
2023-05-24,0,77.99,3.73,4115.24,97,0,0
2023-05-25,0,75.66,3.83,4151.28,107,0,0
2023-05-26,0,76.33,3.8,4205.45,118,0,0
2023-05-27,0,76.33,3.8,4205.45,106,0,0
2023-05-28,3,76.33,3.8,4205.45,88,5,2
2023-05-29,0,76.33,3.8,4205.45,118,0,0
2023-05-30,0,73.38,3.69,4205.52,96,0,0
2023-05-31,0,71.98,3.64,4179.83,124,0,0
2023-06-01,0,74.18,3.61,4221.02,98,0,0
2023-06-02,0,76,3.69,4282.37,100,0,0
2023-06-03,34,76,3.69,4282.37,45,37,3
2023-06-04,0,76,3.69,4282.37,102,0,0
2023-06-05,0,76.61,3.69,4273.79,139,0,0
2023-06-06,0,76.22,3.7,4283.85,115,0,0
2023-06-07,0,76.85,3.79,4267.52,93,2,2
2023-06-08,0,75.88,3.73,4293.93,107,0,0
2023-06-09,0,74.74,3.75,4298.86,129,0,0
2023-06-10,0,74.74,3.75,4298.86,108,0,0
2023-06-11,0,74.74,3.75,4298.86,110,0,0
2023-06-12,13,71.8,3.73,4338.93,69,17,4
2023-06-13,22,74.24,3.84,4369.01,59,26,4
2023-06-14,3,73.39,3.83,4372.59,83,7,4
2023-06-15,0,75.75,3.72,4425.84,97,0,0
2023-06-16,0,76.76,3.77,4409.59,92,2,2
2023-06-17,0,76.76,3.77,4409.59,106,0,0
2023-06-18,0,76.76,3.77,4409.59,112,0,0
2023-06-19,0,76.09,3.77,4409.59,107,0,0
2023-06-20,0,75.79,3.74,4388.71,102,0,0
2023-06-21,0,76.92,3.72,4365.69,115,0,0
2023-06-22,0,73.93,3.8,4381.89,115,0,0
2023-06-23,0,73.56,3.74,4348.33,90,2,2
2023-06-24,0,73.56,3.74,4348.33,134,0,0
2023-06-25,0,73.56,3.74,4348.33,98,0,0
2023-06-26,0,73.86,3.72,4328.82,95,0,0
2023-06-27,0,71.88,3.77,4378.41,110,0,0
2023-06-28,0,73.64,3.71,4376.86,119,0,0
2023-06-29,0,73.86,3.85,4396.44,121,0,0
2023-06-30,0,74.51,3.81,4450.38,102,0,0
2023-07-01,0,74.51,3.81,4450.38,110,0,0
2023-07-02,0,74.51,3.81,4450.38,114,0,0
2023-07-03,0,74.52,3.86,4455.59,94,0,0
2023-07-04,0,76.23,3.86,4455.59,93,1,1
2023-07-05,0,76.74,3.95,4446.82,146,0,0
2023-07-06,1,76.72,4.05,4411.59,91,4,3
2023-07-07,0,78.77,4.06,4398.95,110,0,0
2023-07-08,14,78.77,4.06,4398.95,76,17,3
2023-07-09,4,78.77,4.06,4398.95,89,7,3
2023-07-10,0,77.83,4.01,4409.53,124,0,0
2023-07-11,0,79.54,3.99,4439.26,121,0,0
2023-07-12,15,80.35,3.86,4472.16,74,19,4
2023-07-13,0,81.31,3.76,4510.04,135,0,0
2023-07-14,0,79.9,3.83,4505.42,130,0,0
2023-07-15,0,79.9,3.83,4505.42,115,0,0
2023-07-16,1,79.9,3.83,4505.42,92,4,3
2023-07-17,0,77.8,3.81,4522.79,116,0,0
2023-07-18,1,79.54,3.8,4554.98,91,5,4
2023-07-19,22,79.38,3.75,4565.72,63,26,4
2023-07-20,0,79.62,3.85,4534.87,139,0,0
2023-07-21,0,81.06,3.84,4536.34,121,0,0
2023-07-22,1,81.06,3.84,4536.34,93,4,3
2023-07-23,0,81.06,3.84,4536.34,104,0,0
2023-07-24,0,82.53,3.86,4554.64,104,0,0
2023-07-25,14,83.46,3.91,4567.46,79,17,3
2023-07-26,16,82.98,3.86,4566.75,75,19,3
2023-07-27,13,84.28,4.01,4537.41,82,16,3
2023-07-28,13,84.49,3.96,4582.23,81,16,3
2023-07-29,30,84.49,3.96,4582.23,59,33,3
2023-07-30,0,84.49,3.96,4582.23,106,0,0
2023-07-31,0,85.22,3.97,4588.96,142,0,0
2023-08-01,0,85.34,4.05,4576.73,100,3,3
2023-08-02,0,84.01,4.08,4513.39,102,1,1
2023-08-03,0,86.19,4.2,4501.89,124,0,0
2023-08-04,0,87.38,4.05,4478.03,119,0,0
2023-08-05,9,87.38,4.05,4478.03,90,12,3
2023-08-06,5,87.38,4.05,4478.03,95,8,3
2023-08-07,5,86.47,4.09,4518.44,94,8,3
2023-08-08,0,88,4.02,4499.38,115,0,0
2023-08-09,10,89.31,4,4467.71,90,13,3
2023-08-10,0,87.44,4.09,4468.83,124,0,0
2023-08-11,0,87.93,4.16,4464.05,138,0,0
2023-08-12,0,87.93,4.16,4464.05,132,0,0
2023-08-13,0,87.93,4.16,4464.05,139,0,0
2023-08-14,0,87.4,4.19,4489.72,131,0,0
2023-08-15,11,86.28,4.21,4437.86,88,14,3
2023-08-16,0,84.49,4.28,4404.33,121,0,0
2023-08-17,3,85.24,4.3,4370.36,100,4,1
2023-08-18,0,85.92,4.26,4369.71,124,0,0
2023-08-19,0,85.92,4.26,4369.71,125,0,0
2023-08-20,0,85.92,4.26,4369.71,125,0,0
2023-08-21,8,85.44,4.34,4399.77,93,10,2
2023-08-22,0,84.7,4.34,4387.55,115,0,0
2023-08-23,7,83.94,4.19,4436.01,92,9,2
2023-08-24,45,84.07,4.23,4376.31,44,46,1
2023-08-25,0,85.42,4.25,4405.71,113,0,0
2023-08-26,1,85.42,4.25,4405.71,102,3,2
2023-08-27,0,85.42,4.25,4405.71,111,0,0
2023-08-28,0,85.42,4.2,4433.31,129,0,0
2023-08-29,0,86.37,4.12,4497.63,122,0,0
2023-08-30,6,86.62,4.12,4514.87,94,8,2
2023-08-31,21,87.29,4.09,4507.66,76,23,2
2023-09-01,31,89.98,4.18,4515.77,65,33,2
2023-09-02,38,89.98,4.18,4515.77,56,40,2
2023-09-03,2,89.98,4.18,4515.77,102,5,3
2023-09-04,16,90.42,4.18,4515.77,84,19,3
2023-09-05,0,91.25,4.27,4496.83,125,0,0
2023-09-06,0,91.79,4.3,4465.48,132,0,0
2023-09-07,0,91.16,4.27,4451.14,130,0,0
2023-09-08,0,91.85,4.26,4457.49,123,0,0
2023-09-09,12,91.85,4.26,4457.49,92,14,2
2023-09-10,16,91.85,4.26,4457.49,87,18,2
2023-09-11,0,91.97,4.29,4487.46,111,0,0
2023-09-12,19,93.58,4.27,4461.9,85,21,2
2023-09-13,0,93.04,4.25,4467.44,127,0,0
2023-09-14,0,95.2,4.29,4505.1,141,0,0
2023-09-15,10,95.55,4.33,4450.32,99,11,1
2023-09-16,11,95.55,4.33,4450.32,97,13,2
2023-09-17,18,95.55,4.33,4450.32,88,20,2
2023-09-18,0,95.95,4.32,4453.53,123,0,0
2023-09-19,0,96.11,4.37,4443.95,121,0,0
2023-09-20,0,94.56,4.35,4402.2,124,0,0
2023-09-21,3,93.7,4.49,4330,110,3,0
2023-09-22,32,93.99,4.44,4320.06,72,32,0
2023-09-23,23,93.99,4.44,4320.06,84,23,0
2023-09-24,23,93.99,4.44,4320.06,84,23,0
2023-09-25,18,94.01,4.55,4337.44,91,18,0
2023-09-26,22,94.46,4.56,4273.53,87,22,0
2023-09-27,0,97.1,4.61,4274.51,135,0,0
2023-09-28,8,96.64,4.59,4299.7,107,8,0
2023-09-29,0,95.86,4.59,4288.05,139,0,0
2023-09-30,5,95.86,4.59,4288.05,110,5,0
2023-10-01,0,95.86,4.59,4288.05,123,0,0
2023-10-02,24,91.21,4.69,4288.39,83,23,-1
2023-10-03,13,94.46,4.81,4229.45,99,14,1
2023-10-04,18,89.83,4.73,4263.75,87,20,2
2023-10-05,0,88.28,4.72,4258.19,131,0,0
2023-10-06,0,87.86,4.78,4308.5,137,0,0
2023-10-07,2,87.86,4.78,4308.5,107,3,1
2023-10-08,0,87.86,4.78,4308.5,124,0,0
2023-10-09,0,91.37,4.78,4335.66,124,0,0
2023-10-10,30,90.7,4.66,4358.24,72,31,1
2023-10-11,10,87.58,4.58,4376.95,95,11,1
2023-10-12,21,88.4,4.7,4349.61,83,22,1
2023-10-13,8,94.33,4.63,4327.78,103,10,2
2023-10-14,1,94.33,4.63,4327.78,112,3,2
2023-10-15,0,94.33,4.63,4327.78,114,1,1
2023-10-16,6,90.99,4.71,4373.63,105,6,0
2023-10-17,26,92.52,4.83,4373.2,80,27,1
2023-10-18,47,91.99,4.91,4314.6,56,46,-1
2023-10-19,10,93.12,4.98,4278,106,9,-1
2023-10-20,0,93.72,4.93,4224.16,120,0,0
2023-10-21,11,93.72,4.93,4224.16,104,10,-1
2023-10-22,25,93.72,4.93,4224.16,86,24,-1
2023-10-23,17,91.88,4.86,4217.04,94,16,-1
2023-10-24,12,88,4.83,4247.68,98,11,-1
2023-10-25,13,90.14,4.95,4186.77,101,11,-2
2023-10-26,35,88.45,4.86,4137.23,69,34,-1
2023-10-27,23,90.73,4.84,4117.37,87,21,-2
2023-10-28,33,90.73,4.84,4117.37,75,30,-3
2023-10-29,40,90.73,4.84,4117.37,65,38,-2
2023-10-30,0,90.73,4.88,4166.82,132,0,0
2023-10-31,0,86.82,4.88,4193.8,114,0,0
2023-11-01,0,86.92,4.77,4237.86,111,0,0
2023-11-02,20,89.02,4.67,4317.78,84,21,1
2023-11-03,16,87.55,4.57,4358.34,86,18,2
2023-11-04,43,87.55,4.57,4358.34,51,45,2
2023-11-05,24,87.55,4.57,4358.34,76,26,2
2023-11-06,49,87.31,4.67,4365.98,45,50,1
2023-11-07,37,83.43,4.58,4378.38,57,38,1
2023-11-08,20,81.46,4.49,4382.78,76,21,1
2023-11-09,30,81.74,4.62,4347.35,65,31,1
2023-11-10,1,83.66,4.61,4415.24,103,3,2
2023-11-11,0,83.66,4.61,4415.24,121,0,0
2023-11-12,0,83.66,4.61,4415.24,124,0,0
2023-11-13,0,84.09,4.63,4411.55,126,0,0
2023-11-14,0,84.2,4.44,4495.7,113,0,0
2023-11-15,19,82.4,4.53,4502.88,78,21,2
2023-11-16,20,77.73,4.45,4508.24,72,22,2
2023-11-17,15,81.22,4.44,4514.02,82,16,1
2023-11-18,9,81.22,4.44,4514.02,89,11,2
2023-11-19,24,81.22,4.44,4514.02,70,25,1
2023-11-20,20,83.25,4.42,4547.38,76,22,2
2023-11-21,19,82.42,4.41,4538.19,77,21,2
2023-11-22,24,81.76,4.42,4556.62,70,26,2
2023-11-23,39,80.85,4.42,4556.62,50,40,1
2023-11-24,12,79.82,4.47,4559.34,85,13,1
2023-11-25,23,79.82,4.47,4559.34,71,24,1
2023-11-26,24,79.82,4.47,4559.34,70,25,1
2023-11-27,28,79.49,4.39,4550.43,63,29,1
2023-11-28,20,81.66,4.34,4554.89,75,21,1
2023-11-29,13,82.98,4.27,4550.58,85,14,1
2023-11-30,28,81.72,4.37,4567.8,66,28,0
2023-12-01,30,78.72,4.22,4594.63,58,32,2
2023-12-02,35,78.72,4.22,4594.63,52,36,1
2023-12-03,0,78.72,4.22,4594.63,109,0,0
2023-12-04,0,78.16,4.28,4569.78,105,0,0
2023-12-05,0,77.27,4.18,4567.18,100,0,0
2023-12-06,0,74.33,4.12,4549.34,96,0,0
2023-12-07,0,74.21,4.14,4585.59,97,0,0
2023-12-08,35,75.94,4.23,4604.37,49,37,2
2023-12-09,26,75.94,4.23,4604.37,61,28,2
2023-12-10,2,75.94,4.23,4604.37,92,4,2
2023-12-11,10,75.75,4.23,4622.44,82,12,2
2023-12-12,1,74.11,4.2,4643.7,90,4,3
2023-12-13,12,74.14,4.04,4707.09,75,15,3
2023-12-14,12,77.05,3.92,4719.55,76,15,3
2023-12-15,8,76.84,3.91,4719.19,81,11,3
2023-12-16,33,76.84,3.91,4719.19,49,35,2
2023-12-17,23,76.84,3.91,4719.19,62,25,2
2023-12-18,17,78.89,3.95,4740.56,71,20,3
2023-12-19,20,79.82,3.93,4768.37,67,24,4
2023-12-20,1,81.1,3.86,4698.35,93,4,3
2023-12-21,10,80.73,3.89,4746.75,80,14,4
2023-12-22,19,80.23,3.9,4754.63,68,23,4
2023-12-23,0,80.23,3.9,4754.63,94,3,3
2023-12-24,6,80.23,3.9,4754.63,85,10,4
2023-12-25,0,80.23,3.9,4754.63,93,4,4
2023-12-26,24,80.23,3.89,4774.75,64,26,2
2023-12-27,0,80.97,3.79,4781.58,95,2,2
2023-12-28,0,79.04,3.84,4783.35,101,0,0
2023-12-29,23,77.69,3.88,4769.83,61,27,4
2023-12-30,23,77.69,3.88,4769.83,62,26,3
2023-12-31,13,77.69,3.88,4769.83,75,16,3
2024-01-01,12,77.69,3.88,4769.83,76,15,3
2024-01-02,1,76.24,3.95,4742.83,90,4,3
2024-01-03,6,77.18,3.91,4704.81,86,7,1
2024-01-04,3,75.79,3.99,4688.68,90,4,1
2024-01-05,0,78.31,4.05,4697.24,98,0,0
2024-01-06,3,78.31,4.05,4697.24,92,4,1
2024-01-07,12,78.31,4.05,4697.24,80,13,1
2024-01-08,8,75.47,4.01,4763.54,82,10,2
2024-01-09,27,77.97,4.02,4756.5,58,30,3
2024-01-10,16,78.46,4.04,4783.45,72,19,3
2024-01-11,1,80.21,3.98,4780.24,91,6,5
2024-01-12,4,79.89,3.96,4783.83,88,8,4
2024-01-13,7,79.89,3.96,4783.83,84,11,4
2024-01-14,0,79.89,3.96,4783.83,99,0,0
2024-01-15,0,79.76,3.96,4783.83,126,0,0
2024-01-16,0,80.15,4.07,4765.98,106,0,0
2024-01-17,1,78.88,4.1,4739.21,94,3,2
2024-01-18,15,81.04,4.14,4780.94,77,18,3
2024-01-19,9,80.71,4.15,4839.81,83,13,4
2024-01-20,0,80.71,4.15,4839.81,106,0,0
2024-01-21,6,80.71,4.15,4839.81,87,10,4
2024-01-22,3,81.7,4.11,4850.43,92,6,3
2024-01-23,0,82.04,4.14,4864.6,111,0,0
2024-01-24,0,82.15,4.18,4868.55,107,0,0
2024-01-25,26,82.33,4.14,4894.16,64,28,2
2024-01-26,0,83.34,4.15,4890.97,99,2,2
2024-01-27,15,83.34,4.15,4890.97,80,17,2
2024-01-28,2,83.34,4.15,4890.97,97,4,2
2024-01-29,14,83.99,4.08,4927.93,79,18,4
2024-01-30,17,84.14,4.06,4924.97,75,21,4
2024-01-31,5,82.98,3.99,4845.65,90,8,3
2024-02-01,0,82.2,3.87,4906.19,95,3,3
2024-02-02,11,79.54,4.03,4958.61,78,15,4
2024-02-03,11,79.54,4.03,4958.61,78,15,4
2024-02-04,11,79.54,4.03,4958.61,78,15,4
2024-02-05,12,79.3,4.17,4942.81,79,15,3
2024-02-06,25,80.46,4.09,4954.23,62,28,3
2024-02-07,1,81.18,4.09,4995.06,94,4,3
2024-02-08,3,83.01,4.15,4997.91,94,6,3
2024-02-09,11,83.58,4.17,5026.61,84,14,3
2024-02-10,4,83.58,4.17,5026.61,93,7,3
2024-02-11,5,83.58,4.17,5026.61,92,8,3
2024-02-12,6,83.88,4.17,5021.84,90,9,3
2024-02-13,14,84.72,4.31,4953.17,82,17,3
2024-02-14,11,84.41,4.27,5000.62,84,15,4
2024-02-15,0,84.33,4.24,5029.73,104,0,0
2024-02-16,0,84.88,4.3,5005.57,101,2,2
2024-02-17,31,84.88,4.3,5005.57,60,34,3
2024-02-18,19,84.88,4.3,5005.57,76,22,3
2024-02-19,22,85.52,4.3,5005.57,72,25,3
2024-02-20,23,84.78,4.27,4975.51,70,26,3
2024-02-21,15,84.77,4.32,4981.8,81,18,3
2024-02-22,29,85.84,4.33,5087.03,63,32,3
2024-02-23,21,84.18,4.26,5088.8,71,25,4
2024-02-24,6,84.18,4.26,5088.8,90,10,4
2024-02-25,23,84.18,4.26,5088.8,68,27,4
2024-02-26,5,84.01,4.28,5069.53,93,8,3
2024-02-27,19,83.8,4.31,5078.18,76,21,2
2024-02-28,6,84.08,4.27,5069.76,93,8,2
2024-02-29,9,84.57,4.25,5096.27,88,12,3
2024-03-01,7,84.82,4.19,5137.08,90,10,3
2024-03-02,17,84.82,4.19,5137.08,77,20,3
2024-03-03,0,84.82,4.19,5137.08,114,0,0
2024-03-04,0,86.58,4.22,5130.95,103,1,1
2024-03-05,12,85.82,4.13,5078.65,83,16,4
2024-03-06,30,86.59,4.11,5104.76,60,34,4
2024-03-07,6,84.88,4.09,5157.36,90,9,3
2024-03-08,0,84.29,4.09,5123.69,112,0,0
2024-03-09,22,84.29,4.09,5123.69,69,25,3
2024-03-10,13,84.29,4.09,5123.69,80,17,4
2024-03-11,0,83.44,4.1,5117.94,112,0,0
2024-03-12,0,83.66,4.16,5175.27,129,0,0
2024-03-13,5,83.95,4.19,5165.31,94,6,1
2024-03-14,26,86.16,4.29,5150.48,69,27,1
2024-03-15,0,85.39,4.31,5117.09,119,0,0
2024-03-16,0,85.39,4.31,5117.09,151,0,0
2024-03-17,0,85.39,4.31,5117.09,131,0,0
2024-03-18,0,86.47,4.34,5149.42,128,0,0
2024-03-19,0,87.36,4.3,5178.51,105,1,1
2024-03-20,0,85.77,4.27,5224.62,103,1,1
2024-03-21,0,84.92,4.27,5241.53,102,1,1
2024-03-22,0,84.87,4.22,5234.18,117,0,0
2024-03-23,0,84.87,4.22,5234.18,120,0,0
2024-03-24,0,84.87,4.22,5234.18,115,0,0
2024-03-25,0,86.18,4.25,5218.19,110,0,0
2024-03-26,4,85.91,4.24,5203.58,97,5,1
2024-03-27,0,84.94,4.2,5248.49,109,0,0
2024-03-28,0,86.17,4.2,5254.35,103,1,1
2024-03-29,0,86.17,4.2,5254.35,115,0,0
2024-03-30,0,86.17,4.2,5254.35,112,0,0
2024-03-31,0,86.17,4.2,5254.35,127,0,0
2024-04-01,0,86.17,4.33,5243.77,112,0,0
2024-04-02,6,87.63,4.36,5205.81,98,6,0
2024-04-03,4,90.6,4.36,5211.49,101,6,2
2024-04-04,17,90.32,4.31,5147.21,85,18,1
2024-04-05,14,92.81,4.39,5204.34,90,16,2
2024-04-06,0,92.81,4.39,5204.34,134,0,0
2024-04-07,7,92.81,4.39,5204.34,100,8,1
2024-04-08,0,91.73,4.42,5202.39,135,0,0
2024-04-09,0,92.13,4.36,5209.91,109,1,1
2024-04-10,0,91.57,4.55,5160.64,123,0,0
2024-04-11,0,91.49,4.56,5199.06,121,0,0
2024-04-12,20,93.12,4.5,5123.41,84,21,1
2024-04-13,0,93.12,4.5,5123.41,115,0,0
2024-04-14,0,93.12,4.5,5123.41,121,0,0
2024-04-15,2,90.84,4.63,5061.82,109,2,0
2024-04-16,13,91.29,4.67,5051.41,94,14,1
2024-04-17,21,89.54,4.59,5022.21,81,22,1
2024-04-18,12,88.34,4.64,5011.12,94,12,0
2024-04-19,26,87.96,4.62,4967.23,75,26,0
2024-04-20,0,87.96,4.62,4967.23,122,0,0
2024-04-21,0,87.96,4.62,4967.23,123,0,0
2024-04-22,1,87.3,4.62,5010.6,108,0,-1
2024-04-23,0,88.29,4.61,5070.55,139,0,0
2024-04-24,3,89.02,4.65,5071.63,106,3,0
2024-04-25,22,88.1,4.7,5048.42,83,20,-2
2024-04-26,1,89.95,4.67,5099.96,109,1,0
2024-04-27,0,89.95,4.67,5099.96,121,0,0
2024-04-28,23,89.95,4.67,5099.96,81,23,0
2024-04-29,10,88.44,4.63,5116.17,97,9,-1
2024-04-30,0,88.23,4.69,5035.69,146,0,0
2024-05-01,7,83.55,4.63,5018.39,97,7,0
2024-05-02,17,84.81,4.58,5064.2,83,18,1
2024-05-03,7,83.6,4.5,5127.79,94,8,1
2024-05-04,0,83.6,4.5,5127.79,108,0,0
2024-05-05,0,83.6,4.5,5127.79,118,0,0
2024-05-06,0,83.6,4.49,5180.74,125,0,0
2024-05-07,0,82.69,4.47,5187.7,128,0,0
2024-05-08,8,82.44,4.48,5187.67,93,8,0
2024-05-09,0,83.27,4.45,5214.08,122,0,0
2024-05-10,2,83.39,4.5,5222.68,100,3,1
2024-05-11,1,83.39,4.5,5222.68,102,2,1
2024-05-12,0,83.39,4.5,5222.68,122,0,0
2024-05-13,0,83.18,4.48,5221.42,147,0,0
2024-05-14,0,81,4.45,5246.68,111,0,0
2024-05-15,0,79.98,4.36,5308.15,139,0,0
2024-05-16,0,81.65,4.38,5297.1,133,0,0
2024-05-17,0,82.24,4.42,5303.27,116,0,0
2024-05-18,21,82.24,4.42,5303.27,75,21,0
2024-05-19,0,82.24,4.42,5303.27,119,0,0
2024-05-20,14,81.91,4.44,5308.13,85,13,-1
2024-05-21,0,81.22,4.41,5321.41,123,0,0
2024-05-22,0,79.9,4.43,5307.01,118,0,0
2024-05-23,0,79.25,4.47,5267.84,129,0,0
2024-05-24,0,78.92,4.46,5304.72,108,0,0
2024-05-25,1,78.92,4.46,5304.72,101,0,-1
2024-05-26,0,78.92,4.46,5304.72,136,0,0
2024-05-27,0,78.92,4.46,5304.72,131,0,0
2024-05-28,0,81.34,4.54,5306.04,140,0,0
2024-05-29,0,81.5,4.61,5266.95,129,0,0
2024-05-30,12,81.42,4.55,5235.48,88,11,-1
2024-05-31,0,79.41,4.51,5277.51,109,0,0
2024-06-01,12,79.41,4.51,5277.51,87,11,-1
2024-06-02,0,79.41,4.51,5277.51,142,0,0
2024-06-03,0,76.45,4.41,5283.4,127,0,0
2024-06-04,0,75.33,4.33,5291.34,131,0,0
2024-06-05,0,75.41,4.29,5354.03,98,0,0
2024-06-06,2,77.62,4.28,5352.96,96,1,-1
2024-06-07,10,78.12,4.43,5346.99,87,9,-1
2024-06-08,12,78.12,4.43,5346.99,84,12,0
2024-06-09,18,78.12,4.43,5346.99,76,18,0
2024-06-10,0,79.59,4.47,5360.79,135,0,0
2024-06-11,6,80.15,4.39,5375.32,93,6,0
2024-06-12,7,80.52,4.31,5421.03,91,7,0
2024-06-13,0,81.44,4.24,5433.74,106,0,0
2024-06-14,0,81.49,4.2,5431.6,121,0,0
2024-06-15,0,81.49,4.2,5431.6,134,0,0
2024-06-16,0,81.49,4.2,5431.6,124,0,0
2024-06-17,0,82.45,4.28,5473.23,116,0,0
2024-06-18,2,84.79,4.22,5487.03,99,3,1
2024-06-19,0,85.64,4.22,5487.03,137,0,0
2024-06-20,7,85.92,4.25,5473.17,93,8,1
2024-06-21,4,86.42,4.25,5464.62,97,5,1
2024-06-22,0,86.42,4.25,5464.62,123,0,0
2024-06-23,0,86.42,4.25,5464.62,122,0,0
2024-06-24,0,86.75,4.25,5447.87,135,0,0
2024-06-25,0,86.81,4.23,5469.3,105,0,0
2024-06-26,0,85.76,4.32,5477.9,125,0,0
2024-06-27,0,87,4.29,5482.87,140,0,0
2024-06-28,0,87.26,4.36,5460.48,119,0,0
2024-06-29,20,87.26,4.36,5460.48,78,21,1
2024-06-30,7,87.26,4.36,5460.48,95,8,1
2024-07-01,14,86.57,4.48,5475.09,88,14,0
2024-07-02,19,88.28,4.43,5509.01,80,21,2
2024-07-03,0,88.25,4.36,5537.02,128,0,0
2024-07-04,0,88.34,4.36,5537.02,133,0,0
2024-07-05,0,88.66,4.28,5567.19,114,0,0
2024-07-06,0,88.66,4.28,5567.19,131,0,0
2024-07-07,0,88.66,4.28,5567.19,127,0,0
2024-07-08,0,87.15,4.28,5572.85,129,0,0
2024-07-09,0,86.48,4.3,5576.98,157,0,0
2024-07-10,0,86.55,4.28,5633.91,127,0,0
2024-07-11,0,86.49,4.2,5584.54,147,0,0
2024-07-12,0,87.35,4.18,5615.35,130,0,0
2024-07-13,0,87.35,4.18,5615.35,132,0,0
2024-07-14,0,87.35,4.18,5615.35,133,0,0
2024-07-15,0,86.42,4.23,5631.22,125,0,0
2024-07-16,0,86.6,4.17,5667.2,139,0,0
2024-07-17,0,85.76,4.16,5588.27,139,0,0
2024-07-18,25,86.26,4.2,5544.59,69,26,1
2024-07-19,3,85.19,4.25,5505,97,5,2
2024-07-20,0,85.19,4.25,5505,113,0,0
2024-07-21,0,85.19,4.25,5505,121,0,0
2024-07-22,8,83.44,4.26,5564.41,90,9,1
2024-07-23,5,82.2,4.25,5555.74,93,6,1
2024-07-24,12,83.01,4.28,5427.13,85,13,1
2024-07-25,0,82.58,4.27,5399.22,113,0,0
2024-07-26,1,81.35,4.2,5459.1,98,1,0
2024-07-27,0,81.35,4.2,5459.1,102,0,0
2024-07-28,0,81.35,4.2,5459.1,111,0,0
2024-07-29,0,80.94,4.17,5463.54,126,0,0
2024-07-30,0,79.26,4.15,5436.44,120,0,0
2024-07-31,0,81.39,4.09,5522.3,117,0,0
2024-08-01,0,81.37,3.99,5446.68,111,0,0
2024-08-02,6,78.35,3.8,5346.56,85,7,1
2024-08-03,0,78.35,3.8,5346.56,93,1,1
2024-08-04,0,78.35,3.8,5346.56,119,0,0
2024-08-05,0,77.51,3.78,5186.33,108,0,0
2024-08-06,11,76.62,3.9,5240.03,79,12,1
2024-08-07,27,78.26,3.96,5199.5,61,27,0
2024-08-08,0,80.76,3.99,5319.31,101,0,0
2024-08-09,0,81.07,3.94,5344.16,110,0,0
2024-08-10,0,81.07,3.94,5344.16,98,0,0
2024-08-11,0,81.07,3.94,5344.16,122,0,0
2024-08-12,0,83.06,3.9,5344.39,123,0,0
2024-08-13,12,82.51,3.85,5434.43,80,14,2
2024-08-14,18,82.15,3.83,5455.21,72,20,2
2024-08-15,38,83.09,3.92,5543.22,47,40,2
2024-08-16,15,81.56,3.89,5554.25,75,17,2
2024-08-17,15,81.56,3.89,5554.25,76,16,1
2024-08-18,22,81.56,3.89,5554.25,67,23,1
2024-08-19,13,81.09,3.86,5608.25,76,16,3
2024-08-20,16,78.85,3.82,5597.12,71,18,2
2024-08-21,7,78.77,3.79,5620.85,82,9,2
2024-08-22,0,78.8,3.86,5570.64,100,0,0
2024-08-23,0,80.34,3.81,5634.61,100,0,0
2024-08-24,0,80.34,3.81,5634.61,100,0,0
2024-08-25,0,80.34,3.81,5634.61,118,0,0
2024-08-26,0,80.34,3.82,5616.84,138,0,0
2024-08-27,0,81.51,3.83,5625.8,103,0,0
2024-08-28,8,80.04,3.84,5592.18,84,9,1
2024-08-29,0,81.55,3.87,5591.96,101,0,0
2024-08-30,0,80.2,3.91,5648.4,98,0,0
2024-08-31,0,80.2,3.91,5648.4,106,0,0
2024-09-01,0,80.2,3.91,5648.4,101,0,0
2024-09-02,0,77.82,3.91,5648.4,113,0,0
2024-09-03,0,76.46,3.84,5528.93,115,0,0
2024-09-04,0,74.67,3.77,5520.07,112,0,0
2024-09-05,0,74.47,3.73,5503.41,104,0,0
2024-09-06,0,72.82,3.72,5408.42,123,0,0
2024-09-07,6,72.82,3.72,5408.42,79,8,2
2024-09-08,15,72.82,3.72,5408.42,68,16,1
2024-09-09,0,72.37,3.7,5471.05,100,0,0
2024-09-10,0,70.34,3.65,5495.52,138,0,0
2024-09-11,0,70.31,3.65,5554.13,124,0,0
2024-09-12,0,73.81,3.68,5595.76,115,0,0
2024-09-13,0,73.68,3.66,5626.02,106,0,0
2024-09-14,0,73.68,3.66,5626.02,108,0,0
2024-09-15,17,73.68,3.66,5626.02,64,19,2
2024-09-16,0,73.96,3.63,5633.09,106,0,0
2024-09-17,0,74.55,3.65,5634.58,93,0,0
2024-09-18,0,74.52,3.7,5618.26,102,0,0
2024-09-19,0,75.93,3.73,5713.64,103,0,0
2024-09-20,0,75.96,3.73,5702.55,96,0,0
2024-09-21,0,75.96,3.73,5702.55,104,0,0
2024-09-22,0,75.96,3.73,5702.55,98,0,0
2024-09-23,7,74.95,3.75,5718.57,80,8,1
2024-09-24,0,75.29,3.74,5732.93,91,0,0
2024-09-25,17,75.4,3.79,5722.26,67,19,2
2024-09-26,0,73.06,3.79,5745.37,87,2,2
2024-09-27,0,71.63,3.75,5738.17,98,0,0
2024-09-28,0,71.63,3.75,5738.17,89,0,0
2024-09-29,0,71.63,3.75,5738.17,95,0,0
2024-09-30,21,72.35,3.81,5762.48,60,22,1
2024-10-01,4,75.3,3.74,5708.75,83,6,2
2024-10-02,0,74.86,3.79,5709.54,119,0,0
2024-10-03,0,77.57,3.85,5699.94,119,0,0
2024-10-04,0,79.32,3.98,5751.07,96,0,0
2024-10-05,11,79.32,3.98,5751.07,80,12,1
2024-10-06,29,79.32,3.98,5751.07,57,30,1
2024-10-07,0,81.74,4.03,5695.94,104,0,0
2024-10-08,0,78.19,4.04,5751.13,121,0,0
2024-10-09,3,77.06,4.06,5792.04,90,4,1
2024-10-10,5,79.45,4.09,5780.05,90,5,0
2024-10-11,8,80.27,4.08,5815.03,86,9,1
2024-10-12,1,80.27,4.08,5815.03,94,2,1
2024-10-13,21,80.27,4.08,5815.03,69,22,1
2024-10-14,4,78.47,4.08,5859.85,89,5,1
2024-10-15,6,73.68,4.03,5815.26,84,6,0
2024-10-16,5,73.65,4.02,5842.47,85,5,0
2024-10-17,0,74.37,4.09,5841.47,101,0,0
2024-10-18,4,72.75,4.08,5864.67,86,4,0
2024-10-19,0,72.75,4.08,5864.67,118,0,0
2024-10-20,0,72.75,4.08,5864.67,122,0,0
2024-10-21,1,73.29,4.19,5853.98,92,0,-1
2024-10-22,12,75.59,4.2,5851.2,79,12,0
2024-10-23,11,74.68,4.24,5797.42,80,11,0
2024-10-24,25,74.27,4.21,5809.86,61,25,0
2024-10-25,0,75.62,4.25,5808.12,113,0,0
2024-10-26,0,75.62,4.25,5808.12,96,0,0
2024-10-27,0,75.62,4.25,5808.12,109,0,0
2024-10-28,8,71.87,4.28,5823.52,81,8,0
2024-10-29,7,71.09,4.28,5832.92,82,7,0
2024-10-30,6,73.21,4.29,5813.67,84,7,1
2024-10-31,32,73.25,4.28,5705.45,52,32,0
2024-11-01,0,73.63,4.37,5728.8,96,0,0
2024-11-02,4,73.63,4.37,5728.8,89,4,0
2024-11-03,0,73.63,4.37,5728.8,94,0,0
2024-11-04,0,74.89,4.31,5712.69,101,0,0
2024-11-05,13,76.98,4.26,5782.76,78,14,1
2024-11-06,0,76.52,4.42,5929.04,108,0,0
2024-11-07,0,75.73,4.31,5973.1,98,0,0
2024-11-08,16,74.04,4.3,5995.54,72,17,1
2024-11-09,12,74.04,4.3,5995.54,77,13,1
2024-11-10,1,74.04,4.3,5995.54,92,1,0
2024-11-11,0,72.19,4.3,6001.35,99,0,0
2024-11-12,0,72.56,4.43,5983.99,103,0,0
2024-11-13,20,72.86,4.44,5985.38,67,21,1
2024-11-14,6,73.39,4.43,5949.17,85,7,1
2024-11-15,17,73.45,4.43,5870.62,71,18,1
2024-11-16,25,73.45,4.43,5870.62,60,26,1
2024-11-17,13,73.45,4.43,5870.62,76,14,1
2024-11-18,0,74.35,4.42,5893.62,101,0,0
2024-11-19,19,74.32,4.39,5916.98,69,20,1
2024-11-20,19,74.33,4.41,5917.11,69,20,1
2024-11-21,28,75.09,4.43,5948.71,59,28,0
2024-11-22,3,76.1,4.41,5969.34,91,4,1
2024-11-23,14,76.1,4.41,5969.34,77,15,1
2024-11-24,27,76.1,4.41,5969.34,60,28,1
2024-11-25,16,74.27,4.27,5987.37,71,17,1
2024-11-26,22,74.56,4.3,6021.63,64,23,1
2024-11-27,27,73.91,4.25,5998.74,56,28,1
2024-11-28,17,73.92,4.25,5998.74,69,18,1
2024-11-29,11,74.16,4.18,6032.38,77,12,1
2024-11-30,19,74.16,4.18,6032.38,67,20,1
2024-12-01,18,74.16,4.18,6032.38,68,19,1
2024-12-02,9,72.81,4.19,6047.15,78,10,1
2024-12-03,32,74.8,4.23,6049.88,50,33,1
2024-12-04,16,74.68,4.19,6086.49,70,18,2
2024-12-05,28,73.78,4.17,6075.11,54,29,1
2024-12-06,30,73.78,4.15,6090.27,50,32,2
2024-12-07,25,73.78,4.15,6090.27,56,28,3
2024-12-08,35,73.78,4.15,6090.27,44,37,2
2024-12-09,21,73.73,4.2,6052.85,63,23,2
2024-12-10,22,73.64,4.22,6034.91,63,23,1
2024-12-11,16,74.38,4.26,6084.19,71,17,1
2024-12-12,2,73.52,4.32,6051.25,90,2,0
2024-12-13,26,74.89,4.4,6051.09,61,26,0
2024-12-14,28,74.89,4.4,6051.09,58,28,0
2024-12-15,14,74.89,4.4,6051.09,77,14,0
2024-12-16,12,74.3,4.39,6074.08,78,13,1
2024-12-17,18,73.16,4.4,6050.61,70,18,0
2024-12-18,45,74.57,4.5,5872.16,37,45,0
2024-12-19,22,73.75,4.57,5867.08,67,22,0
2024-12-20,11,73.19,4.52,5930.85,81,11,0
2024-12-21,22,73.19,4.52,5930.85,67,21,-1
2024-12-22,18,73.19,4.52,5930.85,72,17,-1
2024-12-23,27,72.12,4.59,5974.07,60,26,-1
2024-12-24,26,73.5,4.59,6040.04,62,26,0
2024-12-25,16,73.5,4.59,6040.04,75,16,0
2024-12-26,27,73.5,4.58,6037.59,61,26,-1
2024-12-27,22,73.77,4.62,5970.84,68,21,-1
2024-12-28,9,73.77,4.62,5970.84,86,8,-1
2024-12-29,22,73.77,4.62,5970.84,68,21,-1
2024-12-30,26,74.24,4.55,5906.94,63,25,-1
2024-12-31,21,74.58,4.58,5881.63,71,19,-2
2025-01-01,8,74.58,4.58,5881.63,88,6,-2
2025-01-02,34,76.14,4.57,5868.55,55,33,-1
2025-01-03,13,76.72,4.6,5942.47,82,12,-1
2025-01-04,9,76.72,4.6,5942.47,87,9,0
2025-01-05,22,76.72,4.6,5942.47,71,21,-1
2025-01-06,25,77.27,4.62,5975.38,67,24,-1
2025-01-07,18,77.84,4.67,5909.03,78,17,-1
2025-01-08,19,77.37,4.67,5918.25,76,18,-1
2025-01-09,17,78.44,4.68,5918.25,79,16,-1
2025-01-10,15,79.76,4.77,5827.04,85,13,-2
2025-01-11,10,79.76,4.77,5827.04,92,8,-2
2025-01-12,0,79.76,4.77,5827.04,106,0,0
2025-01-13,19,82.69,4.79,5836.22,81,18,-1
2025-01-14,18,82.39,4.78,5842.91,81,18,0
2025-01-15,20,83.48,4.66,5949.91,79,19,-1
2025-01-16,12,82.39,4.61,5937.34,88,11,-1
2025-01-17,9,83.02,4.61,5996.66,91,9,0
2025-01-18,11,83.02,4.61,5996.66,89,11,0
2025-01-19,15,83.02,4.61,5996.66,84,15,0
2025-01-20,11,81.68,4.61,5996.66,88,11,0
2025-01-21,10,80.57,4.57,6049.24,88,10,0
2025-01-22,20,80,4.6,6086.37,75,20,0
2025-01-23,15,78.62,4.65,6118.71,81,14,-1
2025-01-24,12,78.71,4.63,6101.24,85,11,-1
2025-01-25,1,78.71,4.63,6101.24,99,1,0
2025-01-26,2,78.71,4.63,6101.24,98,1,-1
2025-01-27,10,77.3,4.53,6012.28,86,9,-1
2025-01-28,20,78.01,4.55,6067.7,73,20,0
2025-01-29,1,77.02,4.55,6039.31,98,0,-1
2025-01-30,1,77.42,4.52,6071.17,97,1,0
2025-01-31,9,77.11,4.58,6040.53,87,9,0
2025-02-01,18,77.11,4.58,6040.53,75,18,0
2025-02-02,18,77.11,4.58,6040.53,76,17,-1
2025-02-03,6,76.49,4.54,5994.57,91,5,-1
2025-02-04,2,76.58,4.52,6037.88,96,1,-1
2025-02-05,11,74.71,4.43,6061.48,82,10,-1
2025-02-06,4,74.54,4.45,6083.57,90,4,0
2025-02-07,22,74.68,4.49,6025.99,68,21,-1
2025-02-08,13,74.68,4.49,6025.99,80,12,-1
2025-02-09,1,74.68,4.49,6025.99,95,0,-1
2025-02-10,10,76.23,4.51,6066.44,84,10,0
2025-02-11,0,77.65,4.54,6068.5,110,0,0
2025-02-12,0,75.38,4.62,6051.97,125,0,0
2025-02-13,0,75.61,4.52,6115.07,151,0,0
2025-02-14,3,75.19,4.47,6114.63,92,3,0
2025-02-15,9,75.19,4.47,6114.63,85,8,-1
2025-02-16,16,75.19,4.47,6114.63,75,16,0
2025-02-17,12,75.81,4.47,6114.63,80,12,0
2025-02-18,19,76.46,4.55,6129.58,73,19,0
2025-02-19,2,76.34,4.53,6144.15,95,1,-1
2025-02-20,8,76.95,4.5,6117.52,87,8,0
2025-02-21,7,74.88,4.42,6013.13,87,6,-1
2025-02-22,0,74.88,4.42,6013.13,100,0,0
2025-02-23,18,74.88,4.42,6013.13,73,17,-1
2025-02-24,21,74.89,4.4,5983.25,69,20,-1
2025-02-25,18,73.11,4.3,5955.25,71,17,-1
2025-02-26,29,73.49,4.25,5956.06,55,29,0
2025-02-27,12,75.01,4.29,5861.57,80,11,-1
2025-02-28,16,74.76,4.24,5954.5,73,16,0
2025-03-01,14,74.76,4.24,5954.5,75,14,0
2025-03-02,15,74.76,4.24,5954.5,74,15,0
2025-03-03,7,72.85,4.16,5849.72,83,7,0
2025-03-04,2,72.31,4.22,5778.15,90,2,0
2025-03-05,0,70.92,4.28,5842.63,100,0,0
2025-03-06,0,71.08,4.29,5738.52,128,0,0
2025-03-07,0,72.49,4.32,5770.2,97,0,0
2025-03-08,3,72.49,4.32,5770.2,89,3,0
2025-03-09,15,72.49,4.32,5770.2,74,15,0
2025-03-10,1,71.08,4.22,5614.56,91,0,-1
2025-03-11,22,71.51,4.28,5572.07,65,21,-1
2025-03-12,6,72.36,4.32,5599.3,87,5,-1
2025-03-13,0,70.82,4.27,5521.52,98,0,0
2025-03-14,8,71.94,4.31,5638.94,84,7,-1
2025-03-15,0,71.94,4.31,5638.94,101,0,0
2025-03-16,0,71.94,4.31,5638.94,131,0,0
2025-03-17,0,71.93,4.31,5675.12,99,0,0
2025-03-18,0,71.93,4.29,5614.66,104,0,0
2025-03-19,2,71.94,4.25,5675.29,91,1,-1
2025-03-20,0,72.61,4.24,5662.89,97,0,0
2025-03-21,0,72.64,4.25,5667.56,106,0,0
2025-03-22,19,72.64,4.25,5667.56,71,17,-2
2025-03-23,0,72.64,4.25,5667.56,98,0,0
2025-03-24,5,73.96,4.34,5767.57,89,4,-1
2025-03-25,17,73.78,4.31,5776.65,73,16,-1
2025-03-26,23,74.6,4.35,5712.2,67,21,-2
2025-03-27,8,74.72,4.38,5693.31,88,6,-2
2025-03-28,0,74.69,4.27,5580.94,135,0,0
2025-03-29,0,74.69,4.27,5580.94,143,0,0
2025-03-30,0,74.69,4.27,5580.94,126,0,0
2025-03-31,0,77.23,4.23,5611.85,103,0,0
2025-04-01,0,77.78,4.17,5633.07,141,0,0
2025-04-02,0,77.27,4.2,5670.97,104,0,0
2025-04-03,7,72.54,4.06,5396.52,85,5,-2
2025-04-04,0,68.36,4.01,5074.08,133,0,0
2025-04-05,0,68.36,4.01,5074.08,106,0,0
2025-04-06,0,68.36,4.01,5074.08,126,0,0
2025-04-07,0,66.13,4.15,5062.25,114,0,0
2025-04-08,0,64.86,4.26,4982.77,118,0,0
2025-04-09,0,67.3,4.34,5456.9,134,0,0
2025-04-10,0,65.37,4.4,5268.05,123,0,0
2025-04-11,0,66.83,4.48,5363.36,130,0,0
2025-04-12,0,66.83,4.48,5363.36,116,0,0
2025-04-13,0,66.83,4.48,5363.36,120,0,0
2025-04-14,0,67.18,4.38,5405.97,109,0,0
2025-04-15,24,66.58,4.35,5396.63,60,22,-2
2025-04-16,0,67.94,4.29,5275.7,119,0,0
2025-04-17,20,69.33,4.34,5282.7,69,17,-3
2025-04-18,37,69.33,4.34,5282.7,47,34,-3
2025-04-19,20,69.33,4.34,5282.7,69,17,-3
2025-04-20,0,69.33,4.34,5282.7,99,0,0
2025-04-21,0,69.33,4.42,5158.2,124,0,0
2025-04-22,0,68.93,4.41,5287.76,154,0,0
2025-04-23,0,68.26,4.4,5375.86,104,0,0
2025-04-24,0,67.5,4.32,5484.77,110,0,0
2025-04-25,15,66.99,4.29,5525.21,72,13,-2
2025-04-26,0,66.99,4.29,5525.21,139,0,0
2025-04-27,0,66.99,4.29,5525.21,111,0,0
2025-04-28,3,66.13,4.23,5528.75,87,1,-2
2025-04-29,0,64.04,4.19,5560.83,90,0,0
2025-04-30,0,63.37,4.17,5569.06,98,0,0
2025-05-01,0,62.37,4.25,5604.14,124,0,0
2025-05-02,0,61.57,4.33,5686.67,119,0,0
2025-05-03,0,61.57,4.33,5686.67,88,0,0
2025-05-04,0,61.57,4.33,5686.67,98,0,0
2025-05-05,0,61.57,4.36,5650.38,127,0,0
2025-05-06,0,62.37,4.3,5606.91,133,0,0
2025-05-07,1,60.31,4.26,5631.28,85,0,-1
2025-05-08,37,62.22,4.37,5663.94,41,34,-3
2025-05-09,0,64.26,4.37,5659.91,104,0,0
2025-05-10,4,64.26,4.37,5659.91,84,2,-2
2025-05-11,0,64.26,4.37,5659.91,105,0,0
2025-05-12,0,65.28,4.45,5844.19,139,0,0
2025-05-13,0,66.93,4.49,5886.55,126,0,0
2025-05-14,0,65.91,4.53,5892.58,122,0,0
2025-05-15,0,64.36,4.45,5916.93,95,0,0
2025-05-16,0,65.2,4.43,5958.38,113,0,0
2025-05-17,0,65.2,4.43,5958.38,128,0,0
2025-05-18,0,65.2,4.43,5958.38,118,0,0
2025-05-19,0,66.25,4.46,5963.6,96,0,0
2025-05-20,0,66.93,4.48,5940.46,125,0,0
2025-05-21,0,65.86,4.58,5844.61,111,0,0
2025-05-22,0,64.87,4.54,5842.01,120,0,0
2025-05-23,0,65.41,4.51,5802.82,105,0,0
2025-05-24,0,65.41,4.51,5802.82,120,0,0
2025-05-25,0,65.41,4.51,5802.82,105,0,0
2025-05-26,0,65.41,4.51,5802.82,122,0,0
2025-05-27,0,64.32,4.43,5921.54,113,0,0
2025-05-28,0,65.72,4.47,5888.55,110,0,0
2025-05-29,0,64.6,4.43,5912.17,136,0,0
2025-05-30,0,64.32,4.41,5911.69,133,0,0
2025-05-31,0,64.32,4.41,5911.69,127,0,0
2025-06-01,0,64.32,4.41,5911.69,133,0,0
2025-06-02,0,66.55,4.46,5935.94,109,0,0
2025-06-03,0,67.48,4.46,5970.37,108,0,0
2025-06-04,0,66.69,4.37,5970.81,133,0,0
2025-06-05,0,67.14,4.4,5939.3,107,0,0
2025-06-06,0,68.02,4.51,6000.36,96,0,0
2025-06-07,0,68.02,4.51,6000.36,96,0,0
2025-06-08,0,68.02,4.51,6000.36,128,0,0
2025-06-09,0,68.73,4.49,6005.88,111,0,0
2025-06-10,0,68.41,4.47,6038.81,104,0,0
2025-06-11,0,71.29,4.41,6022.24,98,0,0
2025-06-12,0,70.84,4.36,6045.26,94,0,0
2025-06-13,16,76,4.41,5976.97,76,15,-1
2025-06-14,0,76,4.41,5976.97,104,0,0
2025-06-15,0,76,4.41,5976.97,124,0,0
2025-06-16,34,75.05,4.46,6033.11,52,33,-1
2025-06-17,9,78.7,4.39,5982.72,87,8,-1
2025-06-18,0,78.38,4.38,5980.87,118,0,0
2025-06-19,0,80.37,4.38,5980.87,108,0,0
2025-06-20,0,78.73,4.38,5967.84,105,0,0
2025-06-21,8,78.73,4.38,5967.84,88,8,0
2025-06-22,8,78.73,4.38,5967.84,89,7,-1
2025-06-23,1,74.34,4.34,6025.17,92,2,1
2025-06-24,10,69.13,4.3,6092.18,75,11,1
2025-06-25,20,68.4,4.29,6092.16,63,20,0
2025-06-26,5,68.57,4.26,6141.02,81,6,1
2025-06-27,0,69.37,4.29,6173.07,95,0,0
2025-06-28,0,69.37,4.29,6173.07,89,0,0
2025-06-29,0,69.37,4.29,6173.07,130,0,0
2025-06-30,0,68.15,4.24,6204.95,113,0,0
2025-07-01,0,67.63,4.26,6198.01,100,0,0
2025-07-02,2,70.8,4.3,6227.42,86,4,2
2025-07-03,10,70.42,4.35,6279.35,76,11,1
2025-07-04,0,71.03,4.35,6279.35,108,0,0
2025-07-05,7,71.03,4.35,6279.35,79,9,2
2025-07-06,1,71.03,4.35,6279.35,87,3,2
2025-07-07,15,71.95,4.4,6229.98,71,16,1
2025-07-08,0,72.5,4.42,6225.52,94,0,0
2025-07-09,0,71.98,4.34,6263.26,115,0,0
2025-07-10,0,70.38,4.35,6280.46,99,0,0
2025-07-11,13,72.06,4.43,6259.75,75,13,0
2025-07-12,0,72.06,4.43,6259.75,119,0,0
2025-07-13,0,72.06,4.43,6259.75,95,0,0
2025-07-14,0,70.96,4.43,6268.56,115,0,0
2025-07-15,0,70.27,4.5,6243.76,131,0,0
2025-07-16,0,69.67,4.46,6263.7,132,0,0
2025-07-17,0,71.32,4.47,6297.36,108,0,0
2025-07-18,0,71.06,4.44,6296.79,105,0,0
2025-07-19,0,71.06,4.44,6296.79,106,0,0
2025-07-20,0,71.06,4.44,6296.79,136,0,0
2025-07-21,0,71.92,4.38,6305.6,97,0,0
2025-07-22,0,69.69,4.35,6309.62,91,0,0
2025-07-23,0,69.17,4.4,6358.91,125,0,0
2025-07-24,0,70.42,4.43,6363.35,107,0,0
2025-07-25,0,69.23,4.4,6388.64,93,0,0
2025-07-26,0,69.23,4.4,6388.64,93,0,0
2025-07-27,0,69.23,4.4,6388.64,117,0,0
2025-07-28,0,70.87,4.42,6389.77,117,0,0
2025-07-29,0,73.21,4.34,6370.86,116,0,0
2025-07-30,0,73.98,4.38,6362.9,102,0,0
2025-07-31,0,73.43,4.37,6339.39,125,0,0
2025-08-01,15,70.55,4.23,6238.01,70,15,0
2025-08-02,0,70.55,4.23,6238.01,115,0,0
2025-08-03,0,70.55,4.23,6238.01,96,0,0
2025-08-04,28,69.56,4.22,6329.94,52,28,0
2025-08-05,0,69.14,4.22,6299.19,88,0,0
2025-08-06,3,67.97,4.22,6345.06,82,4,1
2025-08-07,3,66.99,4.23,6340,82,4,1
2025-08-08,0,67.17,4.27,6389.45,86,1,1
2025-08-09,13,67.17,4.27,6389.45,69,14,1
2025-08-10,20,67.17,4.27,6389.45,60,21,1
2025-08-11,0,67.36,4.27,6373.45,90,0,0
2025-08-12,0,66.8,4.29,6445.76,147,0,0
2025-08-13,0,66.25,4.24,6466.58,90,0,0
2025-08-14,0,68.12,4.29,6468.54,105,0,0
2025-08-15,12,67.3,4.33,6449.8,70,13,1
2025-08-16,10,67.3,4.33,6449.8,73,11,1
2025-08-17,2,67.3,4.33,6449.8,83,4,2
2025-08-18,0,68.18,4.34,6449.15,100,0,0
2025-08-19,0,66.62,4.3,6411.37,117,0,0
2025-08-20,2,67.61,4.29,6395.78,84,3,1
2025-08-21,3,68.41,4.33,6370.17,85,3,0
2025-08-22,0,68.29,4.26,6466.91,134,0,0
2025-08-23,0,68.29,4.26,6466.91,116,0,0
2025-08-24,0,68.29,4.26,6466.91,128,0,0
2025-08-25,0,68.29,4.28,6439.32,88,0,0
2025-08-26,8,66.89,4.26,6465.94,76,8,0
2025-08-27,0,67.75,4.24,6481.4,93,0,0
2025-08-28,0,68.61,4.22,6501.86,100,0,0
2025-08-29,0,67.83,4.23,6460.26,128,0,0
2025-08-30,0,67.83,4.23,6460.26,105,0,0
2025-08-31,0,67.83,4.23,6460.26,100,0,0
2025-09-01,0,67.09,4.23,6460.26,110,0,0
2025-09-02,0,68.09,4.28,6415.54,102,0,0
2025-09-03,0,67.76,4.22,6448.26,100,0,0
2025-09-04,21,66.41,4.17,6502.08,59,20,-1
2025-09-05,0,64.92,4.1,6481.5,138,0,0
2025-09-06,0,64.92,4.1,6481.5,94,0,0
2025-09-07,0,64.92,4.1,6481.5,117,0,0
2025-09-08,0,65.44,4.05,6495.15,113,0,0
2025-09-09,0,67.97,4.08,6512.61,107,0,0
2025-09-10,0,67.62,4.04,6532.04,107,0,0
2025-09-11,5,67.25,4.01,6587.47,77,6,1
2025-09-12,14,67.87,4.06,6584.29,66,15,1
2025-09-13,9,67.87,4.06,6584.29,73,10,1
2025-09-14,20,67.87,4.06,6584.29,59,20,0
2025-09-15,11,67.88,4.05,6615.28,70,12,1
2025-09-16,7,69.69,4.04,6606.76,76,8,1
2025-09-17,0,69.19,4.06,6600.35,128,0,0
2025-09-18,0,67.83,4.11,6631.96,106,0,0
2025-09-19,13,67.05,4.14,6664.36,67,14,1
2025-09-20,6,67.05,4.14,6664.36,77,7,1
2025-09-21,4,67.05,4.14,6664.36,80,4,0
2025-09-22,23,66.87,4.15,6693.75,54,24,1
2025-09-23,0,67.96,4.12,6656.92,107,0,0
2025-09-24,0,69.64,4.16,6637.97,106,0,0
2025-09-25,10,70.48,4.18,6604.72,75,11,1
2025-09-26,17,71.15,4.2,6643.7,66,18,1
2025-09-27,3,71.15,4.2,6643.7,85,3,0
2025-09-28,0,71.15,4.2,6643.7,110,0,0
2025-09-29,0,69,4.15,6661.21,97,0,0
2025-09-30,0,68.52,4.16,6688.46,129,0,0
2025-10-01,0,66.67,4.12,6711.2,115,0,0
2025-10-02,0,65.44,4.1,6715.35,122,0,0
2025-10-03,0,66.13,4.13,6715.79,136,0,0
2025-10-04,0,66.13,4.13,6715.79,149,0,0
2025-10-05,0,66.13,4.13,6715.79,135,0,0
2025-10-06,7,67.09,4.18,6740.28,75,8,1
2025-10-07,38,67.1,4.14,6714.59,35,39,1
2025-10-08,20,67.42,4.13,6753.72,58,21,1
2025-10-09,21,67.23,4.14,6735.11,56,23,2
2025-10-10,15,64.41,4.05,6552.51,63,15,0
2025-10-11,24,64.41,4.05,6552.51,51,24,0
2025-10-12,12,64.41,4.05,6552.51,67,12,0
2025-10-13,0,64.15,4.05,6654.72,87,0,0
2025-10-14,0,63,4.03,6644.31,136,0,0
2025-10-15,15,62.33,4.05,6671.06,61,15,0
2025-10-16,22,61.08,3.99,6629.07,51,22,0
2025-10-17,10,61.23,4.02,6664.01,67,10,0
2025-10-18,0,61.23,4.02,6664.01,85,0,0
2025-10-19,7,61.23,4.02,6664.01,71,7,0
2025-10-20,10,60.71,4,6735.13,66,10,0
2025-10-21,0,61,3.98,6735.35,80,0,0
2025-10-22,0,62.28,3.97,6699.4,99,0,0
2025-10-23,0,66.32,4.01,6738.44,93,0,0
2025-10-24,0,65.8,4.02,6791.69,118,0,0
2025-10-25,0,65.8,4.02,6791.69,113,0,0
2025-10-26,2,65.8,4.02,6791.69,80,3,1
2025-10-27,0,65.52,4.01,6875.16,89,0,0
2025-10-28,0,64.03,3.99,6890.89,129,0,0
2025-10-29,0,65.01,4.08,6890.59,100,0,0
2025-10-30,0,65.11,4.11,6822.34,85,0,0
2025-10-31,0,65.44,4.11,6840.2,99,0,0
2025-11-01,0,65.44,4.11,6840.2,88,0,0
2025-11-02,8,65.44,4.11,6840.2,73,8,0
2025-11-03,41,65.79,4.13,6851.97,30,41,0
2025-11-04,19,65.04,4.1,6771.55,59,19,0
2025-11-05,18,63.54,4.17,6796.29,59,18,0
2025-11-06,0,63.41,4.11,6720.32,87,0,0
2025-11-07,0,63.72,4.11,6728.8,94,0,0
2025-11-08,0,63.72,4.11,6728.8,123,0,0
2025-11-09,0,63.72,4.11,6728.8,86,0,0
2025-11-10,8,63.01,4.13,6832.43,73,7,-1
2025-11-11,0,63.86,4.13,6846.61,99,0,0
2025-11-12,8,61.88,4.08,6850.92,71,7,-1
2025-11-13,4,62.14,4.11,6737.49,78,3,-1
2025-11-14,0,63.45,4.14,6734.11,85,0,0
2025-11-15,3,63.45,4.14,6734.11,80,2,-1
2025-11-16,22,63.45,4.14,6734.11,56,20,-2
2025-11-17,24,63.16,4.13,6672.41,53,22,-2
2025-11-18,25,64.86,4.12,6617.32,53,24,-1
2025-11-19,5,63.78,4.13,6642.16,78,4,-1
2025-11-20,3,63.64,4.1,6538.76,80,2,-1
2025-11-21,19,62.78,4.06,6602.99,58,18,-1
2025-11-22,14,62.78,4.06,6602.99,64,14,0
2025-11-23,12,62.78,4.06,6602.99,67,11,-1
2025-11-24,18,64.83,4.04,6705.12,59,18,0
2025-11-25,5,63.99,4.01,6765.88,75,5,0
2025-11-26,15,64.81,4,6812.61,62,16,1
2025-11-27,19,64.18,4,6812.61,57,19,0
2025-11-28,19,64.07,4.02,6849.09,57,19,0
2025-11-29,21,64.07,4.02,6849.09,54,21,0
2025-11-30,13,64.07,4.02,6849.09,65,13,0
2025-12-01,7,64.22,4.09,6812.63,74,7,0
2025-12-02,11,63.37,4.09,6829.37,68,11,0
2025-12-03,17,63.75,4.06,6849.72,59,18,1
2025-12-04,24,64.15,4.11,6857.12,52,23,-1
2025-12-05,22,64.42,4.14,6870.4,55,22,0
2025-12-06,3,64.42,4.14,6870.4,80,2,-1
2025-12-07,20,64.42,4.14,6870.4,57,20,0
2025-12-08,5,63.3,4.17,6846.51,76,5,0
2025-12-09,0,62.62,4.18,6840.51,97,0,0
2025-12-10,18,63.12,4.13,6886.68,59,18,0
2025-12-11,14,61.87,4.14,6901,63,14,0
2025-12-12,24,62.11,4.19,6827.41,51,24,0
2025-12-13,22,62.11,4.19,6827.41,53,22,0
2025-12-14,18,62.11,4.19,6827.41,58,18,0
2025-12-15,20,61.55,4.18,6816.51,56,19,-1
2025-12-16,12,59.93,4.15,6800.26,64,12,0
2025-12-17,27,60.61,4.16,6721.43,46,26,-1
2025-12-18,10,60.69,4.12,6774.76,68,9,-1
2025-12-19,32,61.35,4.16,6834.5,40,31,-1
2025-12-20,19,61.35,4.16,6834.5,57,18,-1
2025-12-21,13,61.35,4.16,6834.5,64,13,0
2025-12-22,27,62.22,4.17,6878.49,47,26,-1
2025-12-23,38,63.7,4.18,6909.79,33,38,0
2025-12-24,7,63.7,4.15,6932.05,73,7,0
2025-12-25,15,63.7,4.15,6932.05,62,16,1
2025-12-26,14,63.7,4.14,6929.94,62,16,2
2025-12-27,4,63.7,4.14,6929.94,76,5,1
2025-12-28,25,63.7,4.14,6929.94,48,26,1
2025-12-29,16,63.1,4.12,6905.74,61,16,0
2025-12-30,2,62.3,4.14,6896.24,80,1,-1
2025-12-31,0,61.35,4.18,6845.5,85,0,0
2026-01-01,3,61.35,4.18,6845.5,78,2,-1
2026-01-02,18,61.98,4.19,6858.47,58,18,0
2026-01-03,23,61.98,4.19,6858.47,52,23,0
2026-01-04,16,61.98,4.19,6858.47,61,16,0
2026-01-05,13,63,4.17,6902.05,66,12,-1
2026-01-06,9,62.1,4.18,6944.82,70,9,0
2026-01-07,0,61.08,4.15,6920.93,88,0,0
2026-01-08,6,63.34,4.19,6921.46,75,6,0
2026-01-09,0,65.11,4.18,6966.28,89,0,0
2026-01-10,0,65.11,4.18,6966.28,83,1,1
2026-01-11,0,65.11,4.18,6966.28,83,1,1
2026-01-12,13,65.4,4.19,6977.27,67,13,0
2026-01-13,10,67.58,4.18,6963.74,72,11,1
2026-01-14,10,68.87,4.15,6926.6,73,10,0
2026-01-15,5,66.16,4.17,6944.47,78,5,0
2026-01-16,14,66.97,4.24,6940.01,67,14,0
2026-01-17,29,66.97,4.24,6940.01,48,29,0
2026-01-18,18,66.97,4.24,6940.01,62,18,0
2026-01-19,13,66.91,4.24,6940.01,68,14,1
2026-01-20,12,67.68,4.3,6796.86,71,12,0
2026-01-21,14,66.72,4.26,6875.62,69,13,-1
2026-01-22,10,65.46,4.26,6913.35,73,9,-1
2026-01-23,15,68.16,4.24,6915.61,68,14,-1
2026-01-24,24,68.16,4.24,6915.61,56,24,0
2026-01-25,7,68.16,4.24,6915.61,78,7,0
2026-01-26,23,67.7,4.22,6950.23,57,22,-1
2026-01-27,12,70.28,4.24,6978.6,72,12,0
2026-01-28,8,70.9,4.26,6978.03,78,8,0
2026-01-29,2,71,4.24,6969.01,88,1,-1
2026-01-30,5,72.25,4.26,6939.03,84,5,0
2026-01-31,1,72.25,4.26,6939.03,90,0,-1
2026-02-01,18,72.25,4.26,6939.03,68,17,-1
2026-02-02,8,67.72,4.29,6976.44,77,7,-1
2026-02-03,4,70.01,4.28,6917.81,83,4,0
2026-02-04,30,71.15,4.29,6882.72,51,30,0
2026-02-05,10,69.87,4.21,6798.4,76,9,-1
2026-02-06,11,70.45,4.22,6932.3,74,11,0
2026-02-07,14,70.45,4.22,6932.3,71,13,-1
2026-02-08,14,70.45,4.22,6932.3,71,13,-1
2026-02-09,21,71.19,4.22,6964.82,62,21,0
2026-02-10,7,71.01,4.16,6941.81,80,6,-1
2026-02-11,0,71.52,4.18,6941.47,92,0,0
2026-02-12,7,69.8,4.09,6832.76,79,6,-1
2026-02-13,0,69.96,4.04,6836.17,121,0,0
2026-02-14,0,69.96,4.04,6836.17,123,0,0
2026-02-15,0,69.96,4.04,6836.17,87,0,0
2026-02-16,20,70.81,4.04,6836.17,62,20,0
2026-02-17,2,69.77,4.05,6843.22,84,2,0
2026-02-18,0,71.78,4.09,6881.31,98,0,0
2026-02-19,0,73.17,4.08,6861.89,135,0,0
2026-02-20,0,72.75,4.08,6909.51,111,0,0
2026-02-21,0,72.75,4.08,6909.51,108,0,0
2026-02-22,0,72.75,4.08,6909.51,152,0,0
2026-02-23,0,71.9,4.03,6837.75,115,0,0
2026-02-24,20,71.21,4.04,6890.07,64,18,-2
2026-02-25,0,70.69,4.05,6946.13,129,0,0
2026-02-26,0,71.66,4.02,6908.86,107,0,0
2026-02-27,20,71.32,3.97,6878.88,65,17,-3
2026-02-28,26,71.32,3.97,6878.88,57,23,-3
2026-03-01,51,71.32,3.97,6878.88,24,48,-3
2026-03-02,69,77.24,4.05,6881.62,6,66,-3
2026-03-03,73,83.28,4.06,6816.63,5,71,-2
2026-03-04,75,81.56,4.09,6869.5,2,72,-3
2026-03-05,77,88.59,4.13,6830.71,4,75,-2
2026-03-06,83,95.74,4.15,6740.02,2,81,-2
2026-03-07,82,95.74,4.15,6740.02,4,80,-2
2026-03-08,83,95.74,4.15,6740.02,2,81,-2
2026-03-09,88,94.35,4.12,6795.99,1,81,-7
2026-03-10,80,89.84,4.15,6781.48,2,78,-2
2026-03-11,83,90.98,4.21,6775.8,3,78,-5
2026-03-12,91,102.38,4.27,6672.62,1,87,-4
2026-03-13,93,103.23,4.28,6632.19,0,89,-4
2026-03-14,93,103.23,4.28,6632.19,0,89,-4
2026-03-15,88,103.23,4.28,6632.19,7,83,-5
2026-03-16,87,101.04,4.23,6699.38,5,83,-4
2026-03-17,90,108.39,4.2,6716.09,4,88,-2
2026-03-18,95,118.09,4.26,6624.7,1,97,2
2026-03-19,96,111.05,4.25,6606.49,2,92,-4
2026-03-20,97,118.42,4.39,6506.48,5,95,-2
2026-03-21,99,118.42,4.39,6506.48,2,97,-2
2026-03-22,97,118.42,4.39,6506.48,4,96,-1
2026-03-23,87,103.79,4.34,6581,6,85,-2
2026-03-24,92,108.42,4.39,6556.37,4,89,-3
2026-03-25,90,109.14,4.33,6591.9,4,89,-1
2026-03-26,93,113.39,4.42,6477.16,7,90,-3
2026-03-27,98,121.47,4.44,6368.85,5,97,-1
2026-03-28,95,121.47,4.44,6368.85,9,94,-1
2026-03-29,96,121.47,4.44,6368.85,7,96,0
2026-03-30,94,121.88,4.35,6343.72,10,93,-1
2026-03-31,96,126.69,4.3,6528.52,11,95,-1
2026-04-01,84,119.56,4.33,6575.32,11,90,6
2026-04-02,93,127.61,4.31,6582.69,6,99,6
2026-04-03,91,127.61,4.35,6582.69,9,97,6
2026-04-04,88,127.61,4.35,6582.69,13,94,6
2026-04-05,89,127.61,4.35,6582.69,11,95,6
2026-04-06,91,127.61,4.34,6611.83,9,97,6
2026-04-07,93,138.21,4.33,6616.85,7,100,7
2026-04-08,83,122.11,4.29,6782.81,6,95,12
2026-04-09,82,119.03,4.29,6824.66,8,92,10
2026-04-10,84,119.07,4.31,6816.89,5,94,10
2026-04-11,81,119.07,4.31,6816.89,9,91,10
2026-04-12,76,119.07,4.31,6816.89,15,87,11
2026-04-13,83,123.28,4.3,6886.24,9,94,11
2026-04-14,79,118.69,4.26,6967.38,9,90,11
2026-04-15,76,114.93,4.29,7022.95,13,85,9
2026-04-16,81,116.63,4.32,7041.28,11,88,7
2026-04-17,69,98.63,4.26,7126.06,18,71,2
2026-04-18,66,98.63,4.26,7126.06,22,68,2
2026-04-19,77,98.63,4.26,7126.06,7,80,3
2026-04-20,80,103.4,4.26,7109.14,8,82,2
2026-04-21,86,106.14,4.3,7064.01,4,87,1
2026-04-22,85,113.44,4.3,7137.9,7,89,4
2026-04-23,91,113.25,4.34,7108.4,3,92,1
2026-04-24,87,111.86,4.31,7165.08,8,87,0
2026-04-25,88,111.86,4.31,7165.08,6,89,1
2026-04-26,91,111.86,4.31,7165.08,3,91,0
2026-04-27,95,113.89,4.35,7173.91,0,95,0
2026-04-28,93,117.62,4.36,7138.8,5,93,0
2026-04-29,98,124.16,4.42,7135.95,5,98,0
2026-04-30,94,124.24,4.4,7209.01,7,96,2
2026-05-01,87,118.26,4.39,7230.12,10,90,3
2026-05-02,87,118.26,4.39,7230.12,10,90,3
2026-05-03,90,118.26,4.39,7230.12,6,93,3
2026-05-04,97,118.26,4.45,7200.75,4,95,-2
2026-05-05,96,114.51,4.43,7259.22,1,95,-1
2026-05-06,88,103.7,4.36,7365.12,2,87,-1
2026-05-07,86,101.82,4.41,7337.11,4,84,-2
2026-05-08,87,103.48,4.38,7398.93,4,85,-2
2026-05-09,86,103.48,4.38,7398.93,5,84,-2
2026-05-10,83,103.48,4.38,7398.93,9,81,-2
2026-05-11,85,106.11,4.42,7412.84,9,83,-2
2026-05-12,90,111.37,4.46,7400.96,6,89,-1
2026-05-13,87,110.28,4.46,7444.25,8,87,0
2026-05-14,86,110.91,4.47,7501.24,9,86,0
2026-05-15,93,113.96,4.59,7408.5,5,92,-1
2026-05-16,89,113.96,4.59,7408.5,10,88,-1
2026-05-17,93,113.96,4.59,7408.5,5,92,-1
2026-05-18,94,116.73,4.61,7403.05,6,93,-1
2026-05-19,93,114.64,4.67,7353.61,7,91,-2
2026-05-20,84,108.93,4.57,7432.97,13,83,-1
2026-05-21,86,105.84,4.57,7445.72,8,85,-1
2026-05-22,88,106.9,4.56,7473.47,6,87,-1
2026-05-23,86,106.9,4.56,7473.47,8,85,-1
2026-05-24,86,106.9,4.56,7473.47,9,84,-2
2026-05-25,87,106.9,4.56,7473.47,7,86,-1
2026-05-26,84,102.75,4.5,7519.12,7,83,-1
2026-05-27,81,97.11,4.48,7520.36,6,80,-1
2026-05-28,82,95.47,4.45,7563.63,4,80,-2
2026-05-29,81,92.88,4.45,7580.06,4,79,-2
2026-05-30,80,92.88,4.45,7580.06,5,78,-2
2026-05-31,81,92.88,4.45,7580.06,3,80,-1
2026-06-01,83,98.29,4.47,7599.96,3,83,0
2026-06-02,82,98.49,4.46,7609.78,6,81,-1
2026-06-03,80,101.69,4.49,7553.68,11,79,-1
2026-06-04,81,98.98,4.47,7584.31,6,81,0
2026-06-05,84,97.29,4.55,7383.74,3,83,-1
2026-06-06,84,97.29,4.55,7383.74,3,83,-1
2026-06-07,84,97.29,4.55,7383.74,3,83,-1
2026-06-08,81,97.46,4.56,7405.73,8,79,-2
2026-06-09,80,94.15,4.53,7386.65,6,79,-1
2026-06-10,82,95.73,4.55,7266.99,6,80,-2
2026-06-11,78,92.84,4.45,7394.3,7,77,-1
2026-06-12,76,88.64,4.48,7431.46,7,74,-2
2026-06-13,79,88.64,4.48,7431.46,4,77,-2
2026-06-14,77,88.64,4.48,7431.46,6,75,-2
2026-06-15,70,84.36,4.47,7554.29,11,68,-2
2026-06-16,66,80.5,4.43,7511.35,12,65,-1
2026-06-17,65,80.33,4.49,7420.1,15,63,-2
2026-06-18,59,79.35,4.46,7500.58,22,57,-2
2026-06-19,66,80.46,4.46,7500.58,13,64,-2
2026-06-20,56,80.46,4.46,7500.58,26,54,-2
2026-06-21,70,80.46,4.46,7500.58,8,68,-2
2026-06-22,65,76.49,4.51,7472.79,14,62,-3
2026-06-23,64,75.69,4.5,7365.46,15,60,-4
2026-06-24,34,72.09,4.41,7358.22,51,30,-4
2026-06-25,35,73.74,4.4,7357.49,50,32,-3
2026-06-26,43,70.16,4.38,7354.02,37,40,-3
2026-06-27,51,70.16,4.38,7354.02,27,47,-4
2026-06-28,56,70.16,4.38,7354.02,20,53,-3
2026-06-29,48,71.59,4.38,7440.43,31,45,-3
2026-06-30,56,70.46,4.44,7499.36,21,52,-4
2026-07-01,41,69.24,4.48,7483.23,40,37,-4
2026-07-02,45,68.53,4.49,7483.24,34,41,-4
2026-07-03,48,68.68,4.49,7483.24,31,44,-4
2026-07-04,55,68.68,4.49,7483.24,22,51,-4
2026-07-05,52,68.68,4.49,7483.24,26,47,-5
2026-07-06,50,69.56,4.48,7537.43,28,46,-4
2026-07-07,52,71.78,4.55,7503.85,28,48,-4
2026-07-08,65,76.5,4.56,7482.71,15,61,-4
2026-07-09,66,74.46,4.54,7543.64,11,63,-3
2026-07-10,68,74.34,4.56,7575.39,9,64,-4
2026-07-11,67,74.34,4.56,7575.39,10,63,-4
2026-07-12,70,74.34,4.56,7575.39,6,67,-3
2026-07-13,73,81.62,4.62,7515.34,9,69,-4
2026-07-14,72,83.69,4.58,7543.59,11,69,-3
2026-07-15,71,83.08,4.55,7572.4,12,67,-4
2026-07-16,73,81.23,4.57,7533.77,10,68,-5
2026-07-17,75,85.01,4.55,7457.69,11,69,-6
2026-07-18,70,85.01,4.55,7457.69,17,65,-5
2026-07-19,72,85.01,4.55,7457.69,15,66,-6
